Student_ID,Gender,Age,Study_Hours_per_Day,Sleep_Hours,Attendance_Percentage,Assignments_Completed,Previous_Exam_Score,Internet_Access,Family_Income_Level,Final_Exam_Score,Study_Efficiency,Score_Improvement,Performance_Category
1,1,21,7,6,79,9,77,No,Low,96.5,13.785714285714286,19.5,2
2,0,18,6,4,62,1,84,Yes,Medium,91.2,15.2,7.200000000000003,2
3,1,20,6,4,96,8,90,Yes,Medium,93.8,15.633333333333333,3.799999999999997,2
4,1,18,5,4,99,5,73,Yes,High,84.9,16.98,11.900000000000006,1
5,1,21,6,5,67,8,83,Yes,Medium,73.3,12.216666666666669,-9.700000000000005,1
6,0,21,9,5,99,5,54,Yes,High,95.3,10.588888888888889,41.3,2
7,1,17,9,7,82,5,53,Yes,Low,88.8,9.866666666666667,35.8,2
8,1,21,8,7,99,1,45,Yes,Medium,79.7,9.9625,34.7,1
9,1,17,9,7,70,7,89,No,Low,109.6,12.177777777777775,20.599999999999994,2
10,0,20,8,5,67,2,76,Yes,Low,88.5,11.0625,12.5,2
11,1,18,8,5,88,6,89,No,Low,101.0,12.625,12.0,2
12,1,18,1,7,89,4,71,No,Low,68.1,68.1,-2.9000000000000057,1
13,1,17,5,7,69,2,42,No,Medium,67.5,13.5,25.5,1
14,1,18,4,8,98,0,42,No,Low,73.2,18.3,31.200000000000003,1
15,0,21,2,7,87,7,61,Yes,High,63.5,31.75,2.5,1
16,1,19,8,8,95,2,61,No,Medium,84.9,10.6125,23.90000000000001,1
17,0,17,3,6,72,1,49,No,Low,47.2,15.733333333333334,-1.7999999999999972,0
18,0,18,4,5,91,0,90,No,Medium,73.3,18.325,-16.700000000000003,1
19,0,17,7,7,95,3,42,No,High,87.3,12.471428571428572,45.3,2
20,1,17,9,5,96,7,51,No,Low,92.2,10.244444444444444,41.2,2
21,0,19,2,5,85,2,68,Yes,High,64.7,32.35,-3.299999999999997,1
22,1,21,3,5,81,0,87,Yes,Low,65.1,21.7,-21.90000000000001,1
23,0,17,4,6,63,3,56,No,High,57.3,14.325,1.2999999999999972,0
24,0,18,1,4,90,8,46,Yes,Low,55.4,55.4,9.4,0
25,0,20,7,7,77,0,52,Yes,Medium,86.9,12.414285714285716,34.900000000000006,2
26,0,17,2,4,97,1,41,No,Low,59.5,29.75,18.5,0
27,0,17,5,4,83,8,43,No,Medium,67.1,13.419999999999998,24.099999999999994,1
28,0,19,1,4,82,1,49,No,Low,39.2,39.2,-9.799999999999995,0
29,0,21,3,5,81,2,78,Yes,Low,66.5,22.166666666666668,-11.5,1
30,0,20,2,8,61,6,63,No,High,62.5,31.25,-0.5,1
31,1,18,1,5,90,2,56,Yes,High,51.4,51.4,-4.600000000000001,0
32,1,20,7,5,70,8,91,Yes,High,91.4,13.05714285714286,0.4000000000000057,2
33,0,18,5,4,87,5,45,Yes,Low,63.1,12.62,18.1,1
34,0,21,1,5,91,2,58,No,Low,53.5,53.5,-4.5,0
35,0,18,6,4,64,8,44,Yes,Low,56.8,9.466666666666669,12.799999999999995,0
36,1,19,5,8,97,0,71,No,Medium,73.5,14.7,2.5,1
37,0,19,3,7,69,9,49,No,Medium,63.3,21.1,14.299999999999995,1
38,1,19,7,4,99,2,48,No,Low,86.9,12.414285714285716,38.900000000000006,2
39,1,19,9,8,83,0,66,No,High,105.3,11.7,39.3,2
40,1,20,9,7,94,1,52,No,High,93.0,10.333333333333334,41.0,2
41,1,21,9,6,82,7,58,Yes,High,90.8,10.088888888888889,32.8,2
42,1,18,2,4,76,6,60,Yes,Low,55.8,27.9,-4.200000000000003,0
43,0,18,3,4,60,1,63,Yes,High,53.2,17.733333333333334,-9.799999999999995,0
44,0,19,7,6,90,1,77,Yes,Low,98.8,14.114285714285714,21.8,2
45,0,19,5,6,90,8,43,Yes,Medium,64.2,12.84,21.200000000000003,1
46,0,17,2,4,93,5,63,No,High,56.1,28.05,-6.899999999999999,0
47,0,21,3,6,68,4,74,No,Medium,74.0,24.666666666666668,0.0,1
48,1,20,6,5,81,9,42,Yes,High,63.1,10.516666666666667,21.1,1
49,0,18,7,7,72,5,43,Yes,Low,81.8,11.685714285714283,38.8,1
50,0,17,9,7,84,8,76,Yes,Low,107.6,11.955555555555556,31.599999999999994,2
51,1,17,1,7,77,6,79,No,Low,52.7,52.7,-26.3,0
52,0,18,7,5,71,9,87,No,Low,88.1,12.585714285714284,1.0999999999999943,2
53,1,20,8,6,99,9,93,No,High,112.9,14.1125,19.90000000000001,2
54,0,17,3,8,76,8,74,Yes,Medium,61.4,20.466666666666665,-12.6,1
55,1,17,4,6,74,3,70,Yes,Low,72.2,18.05,2.200000000000003,1
56,0,21,6,4,74,1,83,Yes,High,75.4,12.566666666666668,-7.599999999999994,1
57,0,20,7,7,74,7,64,Yes,Medium,84.8,12.114285714285714,20.8,1
58,1,17,4,6,98,3,79,No,Low,74.0,18.5,-5.0,1
59,1,20,8,8,72,8,52,Yes,Medium,85.4,10.675,33.400000000000006,2
60,1,18,5,4,76,3,43,Yes,Low,57.0,11.4,14.0,0
61,1,19,1,5,91,7,85,Yes,Medium,60.3,60.3,-24.700000000000003,1
62,1,17,4,5,68,8,53,No,Medium,57.6,14.4,4.600000000000001,0
63,1,21,3,8,99,8,52,No,Low,55.5,18.5,3.5,0
64,1,18,9,4,79,9,66,Yes,High,96.1,10.677777777777775,30.099999999999994,2
65,1,20,8,7,85,3,45,No,Medium,83.5,10.4375,38.5,1
66,0,18,1,6,86,0,56,No,Low,50.2,50.2,-5.799999999999997,0
67,0,17,6,4,80,2,75,No,Medium,79.0,13.166666666666666,4.0,1
68,1,20,9,5,77,8,79,No,Medium,90.7,10.077777777777778,11.700000000000005,2
69,0,19,7,8,72,3,88,No,High,99.8,14.257142857142856,11.799999999999995,2
70,0,18,4,8,75,4,74,Yes,Medium,81.1,20.275,7.099999999999994,1
71,0,17,1,6,68,6,56,Yes,Medium,56.8,56.8,0.7999999999999972,0
72,0,21,2,8,71,4,80,Yes,Low,66.3,33.15,-13.700000000000005,1
73,1,20,5,8,97,3,41,No,Low,60.5,12.1,19.5,1
74,0,18,5,4,78,1,52,No,High,68.2,13.64,16.200000000000003,1
75,1,18,8,7,66,1,91,No,Medium,101.2,12.65,10.200000000000005,2
76,0,19,6,6,94,3,41,No,Medium,67.6,11.266666666666666,26.599999999999994,1
77,0,19,8,4,77,9,91,Yes,Medium,99.5,12.4375,8.5,2
78,0,21,2,7,75,9,67,Yes,High,64.3,32.15,-2.700000000000003,1
79,1,21,3,4,98,8,82,Yes,Medium,86.2,28.73333333333333,4.200000000000003,2
80,0,17,6,4,63,7,65,Yes,Low,64.9,10.816666666666668,-0.0999999999999943,1
81,1,17,3,8,84,2,61,Yes,High,69.6,23.2,8.599999999999994,1
82,0,21,6,7,91,8,86,Yes,Low,99.7,16.616666666666667,13.700000000000005,2
83,1,21,6,6,99,4,82,No,Low,90.5,15.083333333333334,8.5,2
84,0,20,2,6,72,2,94,No,High,67.2,33.6,-26.8,1
85,1,19,7,7,76,4,42,Yes,Low,72.6,10.37142857142857,30.599999999999994,1
86,1,17,2,8,96,9,74,No,Medium,74.4,37.2,0.4000000000000057,1
87,0,19,6,5,65,3,51,Yes,High,70.9,11.816666666666668,19.90000000000001,1
88,1,19,1,4,78,7,63,Yes,Low,55.6,55.6,-7.399999999999999,0
89,0,21,3,8,72,4,44,No,Medium,51.2,17.066666666666666,7.200000000000003,0
90,0,20,2,7,85,9,59,Yes,Medium,64.1,32.05,5.099999999999994,1
91,0,18,7,4,73,7,78,Yes,Low,95.1,13.585714285714284,17.099999999999994,2
92,0,20,4,6,90,8,78,Yes,Medium,68.2,17.05,-9.799999999999995,1
93,0,20,8,5,63,3,52,No,High,69.7,8.7125,17.700000000000003,1
94,0,19,6,6,98,6,80,No,Low,92.4,15.4,12.400000000000006,2
95,0,20,4,7,67,1,92,No,Medium,71.9,17.975,-20.099999999999994,1
96,0,17,5,4,84,5,84,No,Medium,81.8,16.36,-2.200000000000003,1
97,0,19,9,7,72,7,51,Yes,Low,81.0,9.0,30.0,1
98,0,17,7,4,91,6,52,No,Low,88.1,12.585714285714284,36.1,2
99,0,18,9,8,97,6,49,No,Low,100.7,11.18888888888889,51.7,2
100,1,19,7,5,97,7,72,No,Low,98.9,14.12857142857143,26.90000000000001,2
101,1,18,1,8,87,6,79,Yes,High,69.7,69.7,-9.299999999999995,1
102,0,19,8,8,89,4,93,No,Low,93.9,11.7375,0.9000000000000057,2
103,0,21,4,7,62,6,55,No,High,68.6,17.15,13.599999999999994,1
104,0,20,3,5,87,9,84,Yes,High,71.7,23.9,-12.299999999999995,1
105,0,21,7,4,62,2,74,Yes,Low,75.2,10.742857142857144,1.2000000000000028,1
106,0,18,3,4,93,4,42,Yes,High,53.7,17.900000000000002,11.700000000000005,0
107,0,20,8,6,75,6,44,Yes,Low,77.1,9.6375,33.099999999999994,1
108,0,19,6,4,81,8,65,No,Low,88.3,14.716666666666669,23.3,2
109,0,20,5,7,91,1,50,Yes,Medium,79.3,15.86,29.3,1
110,1,17,4,8,97,3,46,No,Low,74.5,18.625,28.5,1
111,0,20,8,8,67,6,92,No,Medium,86.9,10.8625,-5.099999999999994,2
112,1,17,8,8,67,0,49,No,High,83.7,10.4625,34.7,1
113,0,20,1,5,65,1,81,No,Medium,63.9,63.9,-17.1,1
114,0,17,9,4,73,8,91,No,High,99.3,11.033333333333331,8.299999999999997,2
115,1,18,5,7,91,9,73,Yes,Low,86.5,17.3,13.5,2
116,0,21,4,5,94,6,42,No,High,70.0,17.5,28.0,1
117,1,19,6,6,69,9,47,No,High,73.5,12.25,26.5,1
118,0,20,6,7,62,6,70,No,Low,71.6,11.933333333333332,1.5999999999999943,1
119,0,21,2,7,71,5,50,Yes,High,49.3,24.65,-0.7000000000000028,0
120,1,19,8,7,90,2,84,No,Low,96.6,12.075,12.599999999999994,2
121,0,19,7,8,88,9,46,No,Medium,82.8,11.828571428571427,36.8,1
122,1,17,1,7,64,2,84,Yes,Low,57.8,57.8,-26.200000000000003,0
123,0,18,5,4,84,1,41,No,Low,71.6,14.32,30.599999999999994,1
124,1,18,6,7,90,5,45,No,High,70.0,11.666666666666666,25.0,1
125,1,21,4,8,80,3,80,Yes,Medium,81.0,20.25,1.0,1
126,0,18,2,7,79,4,71,No,Low,71.1,35.55,0.0999999999999943,1
127,0,20,4,6,98,2,59,No,Medium,78.0,19.5,19.0,1
128,1,18,1,6,81,5,73,No,Medium,59.5,59.5,-13.5,0
129,0,21,7,8,63,2,89,No,High,95.5,13.642857142857142,6.5,2
130,0,18,2,4,72,7,55,No,Low,47.6,23.8,-7.399999999999999,0
131,0,20,2,4,79,8,64,Yes,High,61.3,30.65,-2.700000000000003,1
132,1,17,9,5,72,3,51,Yes,Low,84.0,9.333333333333334,33.0,1
133,1,21,5,8,76,8,46,Yes,Medium,60.2,12.04,14.200000000000005,1
134,1,17,2,7,95,6,78,No,Low,70.7,35.35,-7.299999999999997,1
135,1,17,9,8,92,2,56,No,Low,93.0,10.333333333333334,37.0,2
136,1,17,9,5,60,6,84,No,Medium,88.6,9.844444444444443,4.599999999999994,2
137,1,19,1,8,74,0,50,Yes,Medium,39.2,39.2,-10.799999999999995,0
138,1,19,3,8,72,2,45,No,Low,44.6,14.866666666666667,-0.3999999999999986,0
139,1,17,4,5,76,5,62,No,High,74.6,18.65,12.599999999999994,1
140,1,21,7,4,83,3,66,No,Low,87.3,12.471428571428572,21.3,2
141,0,20,4,7,67,6,85,Yes,Medium,72.1,18.025,-12.900000000000006,1
142,1,20,2,5,86,2,45,Yes,High,51.8,25.9,6.799999999999997,0
143,0,18,7,6,82,0,77,No,Medium,97.4,13.914285714285716,20.40000000000001,2
144,0,21,6,4,67,8,41,No,Medium,73.5,12.25,32.5,1
145,0,19,3,6,67,5,61,No,High,55.5,18.5,-5.5,0
146,1,17,6,4,85,7,59,Yes,Medium,72.1,12.016666666666666,13.099999999999994,1
147,1,18,6,7,72,2,64,Yes,Medium,79.2,13.2,15.200000000000005,1
148,1,20,5,7,98,7,54,Yes,Medium,82.0,16.4,28.0,1
149,1,19,4,8,96,1,88,No,Medium,75.0,18.75,-13.0,1
150,0,19,1,6,87,3,68,Yes,Medium,61.3,61.3,-6.700000000000003,1
151,1,17,6,4,84,2,47,No,Medium,66.0,11.0,19.0,1
152,1,20,2,7,75,9,76,No,Medium,56.9,28.45,-19.1,0
153,1,21,3,5,61,0,88,Yes,Medium,71.5,23.83333333333333,-16.5,1
154,1,19,8,7,77,6,91,No,Medium,91.5,11.4375,0.5,2
155,1,17,6,5,76,9,72,Yes,Low,77.6,12.933333333333332,5.599999999999994,1
156,0,21,3,4,89,1,61,No,Low,73.1,24.366666666666664,12.099999999999994,1
157,1,20,7,7,98,3,89,No,Medium,102.0,14.571428571428571,13.0,2
158,0,19,4,7,72,8,86,Yes,Low,75.0,18.75,-11.0,1
159,1,21,9,4,91,5,44,No,High,91.9,10.211111111111112,47.900000000000006,2
160,0,21,5,7,88,7,78,No,Low,87.6,17.52,9.599999999999994,2
161,1,21,3,5,89,1,57,No,Medium,62.5,20.83333333333333,5.5,1
162,1,19,2,7,77,6,77,No,Medium,54.9,27.45,-22.1,0
163,0,19,2,6,72,5,93,No,Low,62.8,31.4,-30.200000000000003,1
164,0,18,3,8,80,8,92,No,Medium,81.8,27.266666666666666,-10.200000000000005,1
165,0,20,2,5,89,6,76,No,High,60.1,30.05,-15.9,1
166,1,17,4,6,80,0,69,No,High,77.6,19.4,8.599999999999994,1
167,0,21,2,4,76,7,90,Yes,Medium,66.8,33.4,-23.200000000000003,1
168,1,18,9,5,99,9,70,Yes,High,111.7,12.411111111111111,41.7,2
169,1,17,2,8,78,2,49,No,High,44.0,22.0,-5.0,0
170,0,18,9,8,74,1,54,No,Low,95.8,10.644444444444444,41.8,2
171,0,19,6,4,68,2,81,Yes,High,82.8,13.8,1.7999999999999972,1
172,1,21,1,4,69,5,87,No,Low,62.5,62.5,-24.5,1
173,1,17,4,5,90,2,83,Yes,Medium,77.2,19.3,-5.799999999999997,1
174,0,17,1,7,82,9,57,Yes,Low,42.4,42.4,-14.6,0
175,0,17,6,4,89,4,62,Yes,Medium,87.5,14.583333333333334,25.5,2
176,0,17,4,7,92,5,72,No,Medium,77.4,19.35,5.400000000000006,1
177,1,17,3,6,68,7,55,No,Medium,50.4,16.8,-4.600000000000001,0
178,1,18,3,8,60,6,93,No,Medium,72.2,24.066666666666663,-20.8,1
179,1,21,9,7,94,7,77,Yes,Medium,102.0,11.333333333333334,25.0,2
180,1,19,6,8,70,2,74,Yes,Low,76.6,12.766666666666666,2.5999999999999943,1
181,1,19,9,7,93,3,73,Yes,Medium,96.1,10.677777777777775,23.099999999999994,2
182,1,19,5,6,75,5,67,No,High,68.3,13.66,1.2999999999999972,1
183,0,19,2,4,68,6,41,Yes,High,52.8,26.4,11.799999999999995,0
184,1,18,8,6,91,8,69,Yes,Medium,92.9,11.6125,23.90000000000001,2
185,1,20,5,4,74,0,52,No,High,63.0,12.6,11.0,1
186,1,21,2,4,71,7,80,Yes,Low,71.3,35.65,-8.700000000000003,1
187,0,17,4,8,92,7,55,Yes,Low,74.6,18.65,19.599999999999994,1
188,1,20,9,6,73,5,44,No,Medium,75.5,8.38888888888889,31.5,1
189,1,19,4,7,67,3,94,No,Medium,76.7,19.175,-17.299999999999997,1
190,0,20,4,6,67,2,67,Yes,Medium,71.9,17.975,4.900000000000006,1
191,1,21,2,8,86,2,92,No,High,66.6,33.3,-25.40000000000001,1
192,1,17,6,4,71,5,78,Yes,High,86.5,14.416666666666666,8.5,2
193,1,17,2,8,60,7,84,No,Low,63.6,31.8,-20.4,1
194,1,21,7,5,99,6,59,Yes,High,90.3,12.9,31.3,2
195,1,21,3,5,70,0,63,No,Low,63.2,21.066666666666663,0.2000000000000028,1
196,0,19,3,7,98,5,66,Yes,High,74.8,24.933333333333334,8.799999999999997,1
197,0,17,5,8,90,6,69,No,Low,82.6,16.52,13.599999999999994,1
198,0,20,3,7,76,6,84,No,Medium,68.4,22.8,-15.599999999999994,1
199,1,18,2,7,92,8,66,No,High,64.0,32.0,-2.0,1
200,1,18,9,5,91,9,65,No,Low,105.3,11.7,40.3,2
201,1,21,2,7,88,4,46,No,High,47.8,23.9,1.7999999999999972,0
202,0,19,2,5,80,0,81,No,Medium,65.4,32.7,-15.599999999999994,1
203,1,18,8,4,80,1,86,No,Low,88.4,11.05,2.4000000000000057,2
204,1,17,9,8,99,3,92,Yes,High,105.5,11.72222222222222,13.5,2
205,0,21,7,7,82,4,77,Yes,High,92.4,13.2,15.400000000000006,2
206,1,20,3,5,65,8,44,No,Medium,42.1,14.033333333333331,-1.8999999999999984,0
207,0,21,9,6,81,0,62,No,Medium,91.1,10.122222222222222,29.099999999999994,2
208,0,20,3,7,97,2,67,Yes,Low,62.9,20.966666666666665,-4.100000000000001,1
209,0,21,5,4,96,4,73,Yes,High,75.0,15.0,2.0,1
210,1,21,9,4,67,2,92,No,High,97.9,10.877777777777778,5.900000000000006,2
211,1,21,3,6,94,3,54,Yes,Medium,57.8,19.266666666666666,3.799999999999997,0
212,1,20,7,5,70,2,71,Yes,Medium,76.4,10.914285714285716,5.400000000000006,1
213,1,20,1,7,83,3,65,No,Low,59.9,59.9,-5.100000000000001,0
214,1,21,4,5,80,0,87,No,High,75.8,18.95,-11.200000000000005,1
215,1,18,4,4,61,7,70,No,High,58.3,14.575,-11.700000000000005,0
216,1,19,7,5,99,3,58,Yes,Low,83.9,11.985714285714286,25.90000000000001,1
217,0,19,8,4,78,6,48,No,Low,89.6,11.2,41.6,2
218,1,19,1,5,98,1,68,No,Medium,61.6,61.6,-6.399999999999999,1
219,0,20,5,6,87,1,93,Yes,Medium,88.3,17.66,-4.700000000000003,2
220,1,20,7,8,76,5,90,No,Low,99.8,14.257142857142856,9.799999999999995,2
221,1,18,4,6,65,1,78,Yes,Low,65.7,16.425,-12.299999999999995,1
222,1,19,4,6,78,5,43,Yes,High,57.6,14.4,14.6,0
223,0,19,4,8,97,1,42,Yes,Low,55.9,13.975,13.9,0
224,0,21,6,8,87,3,68,Yes,Low,82.3,13.716666666666669,14.299999999999995,1
225,0,20,7,7,61,6,91,Yes,High,97.7,13.957142857142856,6.700000000000003,2
226,0,19,2,7,97,7,50,Yes,Low,51.1,25.55,1.1000000000000014,0
227,1,18,5,6,96,2,72,No,Medium,75.6,15.12,3.5999999999999943,1
228,0,18,4,6,63,8,77,No,Medium,69.7,17.425,-7.299999999999997,1
229,1,19,3,4,81,1,50,No,High,63.3,21.1,13.299999999999995,1
230,1,20,7,4,85,7,66,Yes,Low,76.9,10.985714285714286,10.900000000000006,1
231,0,18,6,7,95,7,72,No,Medium,85.3,14.216666666666669,13.299999999999995,2
232,0,21,7,7,72,3,60,Yes,Medium,80.6,11.514285714285714,20.599999999999994,1
233,0,18,5,4,91,0,78,No,Medium,91.5,18.3,13.5,2
234,0,17,6,4,76,0,70,Yes,Medium,82.8,13.8,12.799999999999995,1
235,0,17,5,5,95,1,77,No,Low,89.3,17.86,12.299999999999995,2
236,0,20,7,5,78,8,85,Yes,Low,85.4,12.2,0.4000000000000057,2
237,0,19,2,4,94,1,41,No,Low,44.6,22.3,3.6000000000000014,0
238,0,20,5,5,99,1,66,Yes,Low,90.1,18.02,24.099999999999994,2
239,1,20,6,8,87,5,75,No,Medium,88.1,14.683333333333332,13.099999999999994,2
240,0,20,6,7,60,6,50,Yes,High,58.0,9.666666666666666,8.0,0
241,0,20,5,7,77,6,86,No,High,76.5,15.3,-9.5,1
242,1,21,7,4,99,8,57,No,Medium,81.5,11.642857142857142,24.5,1
243,0,21,8,6,92,5,40,No,Medium,86.6,10.825,46.6,2
244,1,18,7,4,71,7,74,Yes,High,88.9,12.7,14.900000000000006,2
245,1,17,5,5,67,5,74,Yes,High,71.7,14.34,-2.299999999999997,1
246,0,20,1,6,83,1,70,Yes,Medium,50.9,50.9,-19.1,0
247,1,18,5,5,75,0,67,Yes,Medium,70.3,14.06,3.299999999999997,1
248,1,17,2,8,63,4,78,Yes,Low,69.1,34.55,-8.900000000000006,1
249,1,19,5,5,97,8,40,No,Low,78.1,15.62,38.1,1
250,1,21,5,8,86,7,64,Yes,High,80.4,16.080000000000002,16.400000000000006,1
251,0,17,2,8,68,3,82,No,Medium,56.2,28.1,-25.8,0
252,1,19,5,5,75,4,77,No,High,86.3,17.259999999999998,9.299999999999995,2
253,0,17,4,5,71,4,59,Yes,Low,62.9,15.725,3.899999999999999,1
254,1,21,1,8,90,5,42,No,Low,50.8,50.8,8.799999999999997,0
255,1,21,3,6,83,2,90,Yes,High,78.9,26.3,-11.099999999999994,1
256,1,18,1,8,73,4,41,Yes,Low,46.3,46.3,5.299999999999997,0
257,1,20,5,7,84,1,57,Yes,Medium,72.0,14.4,15.0,1
258,0,17,4,8,93,9,83,No,High,86.1,21.525,3.0999999999999943,2
259,0,17,7,6,62,0,49,Yes,Medium,67.2,9.6,18.200000000000003,1
260,1,19,5,7,83,0,44,Yes,Medium,62.5,12.5,18.5,1
261,1,21,4,4,68,9,48,Yes,Low,50.6,12.65,2.6000000000000014,0
262,0,17,2,4,85,6,41,No,Medium,53.9,26.95,12.9,0
263,1,21,4,6,79,1,73,Yes,High,74.9,18.725,1.9000000000000057,1
264,1,17,2,8,99,3,77,No,Medium,78.5,39.25,1.5,1
265,1,18,8,5,69,4,70,No,Medium,95.7,11.9625,25.700000000000003,2
266,0,20,3,6,78,6,49,Yes,Medium,66.0,22.0,17.0,1
267,0,17,9,7,62,1,89,No,Medium,89.2,9.911111111111111,0.2000000000000028,2
268,0,21,4,7,83,5,51,No,Medium,62.3,15.575,11.299999999999995,1
269,1,18,6,4,64,0,75,Yes,Low,84.2,14.033333333333331,9.200000000000005,1
270,1,17,5,7,62,6,93,Yes,High,71.8,14.36,-21.200000000000003,1
271,0,19,1,6,86,8,60,Yes,Low,51.8,51.8,-8.200000000000003,0
272,0,20,9,7,75,4,88,No,High,97.7,10.855555555555556,9.700000000000005,2
273,0,17,1,6,74,4,86,Yes,High,66.6,66.6,-19.40000000000001,1
274,0,18,8,5,94,3,45,No,High,86.2,10.775,41.2,2
275,1,19,9,4,71,2,87,No,High,107.1,11.9,20.099999999999994,2
276,0,18,9,7,85,8,88,No,High,113.7,12.633333333333333,25.700000000000003,2
277,1,18,1,6,93,4,42,No,Medium,49.7,49.7,7.700000000000003,0
278,0,19,2,8,82,7,49,No,Low,51.2,25.6,2.200000000000003,0
279,1,18,1,4,90,8,44,Yes,Low,42.6,42.6,-1.3999999999999986,0
280,0,19,2,5,79,4,85,Yes,Medium,67.7,33.85,-17.299999999999997,1
281,0,17,8,6,71,9,65,No,High,84.3,10.5375,19.3,1
282,0,19,5,5,82,8,60,No,Low,71.6,14.32,11.599999999999994,1
283,0,19,7,5,63,1,84,Yes,Medium,78.5,11.214285714285714,-5.5,1
284,1,20,2,7,82,8,65,Yes,Medium,65.6,32.8,0.5999999999999943,1
285,0,19,8,7,60,3,77,No,Low,83.8,10.475,6.799999999999997,1
286,1,19,6,6,84,5,83,No,Low,96.4,16.066666666666666,13.400000000000006,2
287,1,17,8,8,61,5,65,Yes,High,81.3,10.1625,16.299999999999997,1
288,1,20,1,6,89,5,47,Yes,High,53.5,53.5,6.5,0
289,1,21,1,8,62,1,44,No,Low,46.2,46.2,2.200000000000003,0
290,0,17,7,5,80,6,54,Yes,High,81.6,11.657142857142857,27.599999999999994,1
291,1,17,8,4,84,5,55,Yes,Medium,81.2,10.15,26.200000000000003,1
292,1,21,3,6,79,0,40,No,High,62.7,20.9,22.700000000000003,1
293,1,19,5,6,81,1,55,No,High,78.3,15.66,23.3,1
294,0,18,1,8,80,6,76,No,Medium,57.4,57.4,-18.6,0
295,0,20,7,5,92,0,42,Yes,High,70.4,10.05714285714286,28.40000000000001,1
296,0,18,5,5,97,0,91,No,Medium,99.5,19.9,8.5,2
297,0,21,8,8,74,0,86,Yes,High,97.6,12.2,11.599999999999994,2
298,1,17,8,5,74,7,70,No,Low,81.2,10.15,11.200000000000005,1
299,1,17,9,7,84,3,52,No,High,90.0,10.0,38.0,2
300,0,20,7,4,80,3,55,Yes,Low,71.0,10.142857142857142,16.0,1
301,1,17,1,6,83,1,94,Yes,Low,60.5,60.5,-33.5,1
302,1,17,3,4,64,0,82,No,Low,68.0,22.666666666666668,-14.0,1
303,1,20,8,6,65,9,60,No,Low,81.5,10.1875,21.5,1
304,0,20,3,7,82,8,41,Yes,Low,49.0,16.333333333333332,8.0,0
305,0,21,8,5,63,6,93,No,Medium,94.1,11.7625,1.0999999999999943,2
306,1,17,1,8,86,3,66,Yes,Medium,52.2,52.2,-13.799999999999995,0
307,0,17,5,7,77,5,77,Yes,Medium,68.9,13.78,-8.099999999999994,1
308,0,21,4,4,80,1,65,No,Low,69.0,17.25,4.0,1
309,0,19,5,8,87,6,77,Yes,High,84.9,16.98,7.900000000000006,1
310,0,19,8,5,94,1,85,Yes,Medium,109.2,13.65,24.200000000000003,2
311,0,19,4,7,81,9,64,Yes,High,64.9,16.225,0.9000000000000057,1
312,1,21,4,8,99,7,50,No,High,76.7,19.175,26.700000000000003,1
313,0,17,3,7,82,7,47,Yes,Low,67.4,22.46666666666667,20.40000000000001,1
314,1,21,7,7,62,0,47,No,Low,77.4,11.05714285714286,30.40000000000001,1
315,1,21,3,5,99,7,72,No,Low,77.5,25.83333333333333,5.5,1
316,0,19,3,6,69,1,92,No,Medium,77.5,25.83333333333333,-14.5,1
317,1,18,5,8,84,5,46,Yes,Low,65.6,13.12,19.599999999999994,1
318,1,17,5,5,67,0,77,Yes,Medium,77.9,15.580000000000002,0.9000000000000057,1
319,1,19,6,7,70,4,60,No,Medium,75.0,12.5,15.0,1
320,0,18,8,5,64,6,47,No,Medium,74.0,9.25,27.0,1
321,0,18,6,6,96,9,90,Yes,Medium,100.8,16.8,10.799999999999995,2
322,1,20,1,8,97,0,93,No,Low,78.3,78.3,-14.700000000000005,1
323,0,17,8,6,88,1,60,No,Medium,98.4,12.3,38.400000000000006,2
324,0,18,8,4,64,6,59,Yes,Low,84.8,10.6,25.8,1
325,0,19,9,8,68,5,47,No,Low,88.2,9.8,41.2,2
326,0,20,9,6,61,2,85,Yes,Medium,87.3,9.7,2.299999999999997,2
327,1,17,2,7,60,9,70,Yes,Low,61.0,30.5,-9.0,1
328,1,21,2,8,99,1,89,No,High,69.3,34.65,-19.700000000000003,1
329,0,19,3,8,89,9,68,Yes,Low,60.9,20.3,-7.100000000000001,1
330,0,18,1,5,70,3,87,Yes,Low,59.8,59.8,-27.200000000000003,0
331,1,18,4,7,87,2,48,Yes,Medium,73.3,18.325,25.3,1
332,1,19,4,4,71,6,54,No,Medium,56.9,14.225,2.8999999999999986,0
333,0,18,9,6,98,7,69,No,Low,98.0,10.88888888888889,29.0,2
334,1,20,9,5,85,1,65,No,Medium,99.5,11.055555555555555,34.5,2
335,0,17,9,6,72,9,49,Yes,High,78.2,8.68888888888889,29.200000000000003,1
336,0,20,7,4,67,6,68,Yes,High,84.3,12.042857142857144,16.299999999999997,1
337,1,18,2,4,87,7,93,No,Medium,75.3,37.65,-17.700000000000003,1
338,1,21,5,8,89,5,55,No,Low,72.7,14.54,17.700000000000003,1
339,0,17,4,4,68,5,75,Yes,High,61.4,15.35,-13.6,1
340,0,17,8,6,98,9,59,No,High,88.0,11.0,29.0,2
341,1,19,2,7,90,0,84,No,Low,67.6,33.8,-16.400000000000006,1
342,0,19,6,7,80,3,93,No,Medium,84.2,14.033333333333331,-8.799999999999997,1
343,1,21,5,8,93,0,76,No,High,84.3,16.86,8.299999999999997,1
344,0,17,2,6,90,3,61,No,Low,65.4,32.7,4.400000000000006,1
345,1,21,1,6,84,1,46,Yes,Low,45.6,45.6,-0.3999999999999986,0
346,1,19,8,4,71,4,62,No,High,82.1,10.2625,20.099999999999994,1
347,1,19,2,6,60,9,80,No,Medium,63.0,31.5,-17.0,1
348,0,17,7,5,81,8,79,Yes,High,98.9,14.12857142857143,19.90000000000001,2
349,0,20,9,4,99,9,68,Yes,Low,104.9,11.655555555555557,36.900000000000006,2
350,1,18,9,5,96,2,55,Yes,High,97.8,10.866666666666667,42.8,2
351,0,19,8,8,60,7,77,Yes,Medium,78.8,9.85,1.7999999999999972,1
352,1,19,9,7,60,2,67,No,Low,97.8,10.866666666666667,30.8,2
353,1,20,2,8,80,5,87,No,Medium,58.8,29.4,-28.200000000000003,0
354,0,20,6,7,74,3,77,No,High,76.0,12.666666666666666,-1.0,1
355,0,21,4,8,76,7,70,No,High,69.8,17.45,-0.2000000000000028,1
356,1,21,4,6,81,5,53,Yes,Medium,57.5,14.375,4.5,0
357,0,18,5,5,97,7,92,Yes,High,99.9,19.98,7.900000000000006,2
358,0,18,3,7,94,0,72,No,Medium,70.0,23.33333333333333,-2.0,1
359,1,17,1,4,75,5,48,No,High,38.7,38.7,-9.299999999999995,0
360,1,21,8,5,67,0,66,No,Medium,81.5,10.1875,15.5,1
361,0,19,5,4,76,0,63,No,Medium,68.0,13.6,5.0,1
362,1,21,3,5,76,7,52,Yes,Low,59.6,19.866666666666667,7.600000000000001,0
363,1,19,7,5,85,6,65,No,Low,76.5,10.928571428571429,11.5,1
364,0,20,7,8,72,2,68,Yes,Medium,88.8,12.685714285714283,20.8,2
365,1,21,1,7,76,5,90,Yes,High,57.8,57.8,-32.2,0
366,1,20,9,7,97,8,88,Yes,High,107.3,11.922222222222222,19.3,2
367,0,18,2,5,76,6,82,Yes,High,64.6,32.3,-17.400000000000006,1
368,0,18,5,6,73,2,67,No,Medium,75.7,15.14,8.700000000000003,1
369,1,17,5,6,65,5,67,No,Medium,75.3,15.06,8.299999999999997,1
370,1,21,8,4,94,3,47,No,Medium,88.0,11.0,41.0,2
371,0,20,8,4,73,2,62,No,Medium,80.7,10.0875,18.700000000000003,1
372,0,19,7,8,67,8,68,Yes,Low,76.3,10.9,8.299999999999997,1
373,0,18,7,5,74,9,44,Yes,Medium,81.8,11.685714285714283,37.8,1
374,0,18,6,4,86,1,81,Yes,High,89.2,14.866666666666667,8.200000000000003,2
375,1,19,6,4,72,0,46,No,Low,62.0,10.333333333333334,16.0,1
376,0,20,9,5,90,1,81,Yes,High,100.4,11.155555555555557,19.40000000000001,2
377,0,20,6,8,94,6,75,Yes,Medium,94.2,15.7,19.200000000000003,2
378,1,21,2,4,65,9,80,Yes,Low,69.5,34.75,-10.5,1
379,0,21,2,8,64,0,66,Yes,Medium,62.6,31.3,-3.3999999999999986,1
380,1,17,5,7,81,5,85,No,Low,73.3,14.66,-11.700000000000005,1
381,0,18,4,8,82,6,41,Yes,High,55.0,13.75,14.0,0
382,0,21,2,6,84,8,64,Yes,Medium,51.8,25.9,-12.200000000000005,0
383,0,20,3,6,93,7,48,No,Medium,52.1,17.366666666666667,4.100000000000001,0
384,1,19,7,8,85,5,92,No,Low,93.3,13.328571428571427,1.2999999999999972,2
385,1,20,8,6,64,2,66,No,Low,85.6,10.7,19.599999999999994,2
386,0,18,6,7,85,7,40,Yes,Medium,71.5,11.916666666666666,31.5,1
387,1,20,5,5,79,6,62,Yes,Low,80.5,16.1,18.5,1
388,1,17,1,6,65,2,49,Yes,Medium,50.1,50.1,1.1000000000000014,0
389,1,18,8,6,65,8,81,Yes,Low,82.9,10.3625,1.9000000000000057,1
390,1,19,3,8,77,1,91,No,High,70.5,23.5,-20.5,1
391,1,17,6,7,63,2,64,Yes,Low,70.5,11.75,6.5,1
392,1,18,3,5,76,1,93,Yes,High,74.0,24.666666666666668,-19.0,1
393,0,19,7,8,73,0,42,No,Low,65.7,9.385714285714286,23.700000000000003,1
394,0,17,7,8,73,3,45,No,Low,75.9,10.842857142857143,30.90000000000001,1
395,1,17,9,7,72,4,45,No,Medium,76.6,8.511111111111111,31.599999999999994,1
396,0,18,5,5,66,5,92,Yes,Low,81.6,16.32,-10.400000000000006,1
397,0,21,8,7,74,4,41,Yes,Low,79.6,9.95,38.6,1
398,0,17,8,5,78,0,57,Yes,High,79.2,9.9,22.200000000000003,1
399,0,17,1,7,94,2,62,Yes,Low,63.0,63.0,1.0,1
400,1,19,5,8,76,0,41,Yes,Medium,73.2,14.64,32.2,1
401,0,20,3,8,94,4,51,No,High,70.6,23.53333333333333,19.599999999999994,1
402,0,18,1,4,78,4,61,No,Medium,45.8,45.8,-15.200000000000005,0
403,1,18,4,6,79,5,76,Yes,Medium,69.1,17.275,-6.900000000000006,1
404,1,21,8,7,95,7,59,Yes,Medium,96.1,12.0125,37.1,2
405,0,21,3,4,94,9,78,Yes,Medium,64.4,21.46666666666667,-13.599999999999994,1
406,0,18,2,6,91,0,63,Yes,High,54.5,27.25,-8.5,0
407,0,21,9,7,99,3,87,Yes,Low,103.5,11.5,16.5,2
408,0,19,5,5,83,9,59,No,Medium,79.5,15.9,20.5,1
409,0,18,7,6,76,0,40,No,High,76.8,10.971428571428572,36.8,1
410,0,21,2,8,66,8,40,No,Medium,43.8,21.9,3.799999999999997,0
411,1,18,9,4,60,6,56,Yes,Low,77.4,8.600000000000001,21.40000000000001,1
412,0,20,9,6,94,6,40,Yes,High,91.2,10.133333333333333,51.2,2
413,0,17,4,6,91,4,92,No,High,76.1,19.025,-15.900000000000006,1
414,1,18,4,8,95,6,91,No,Low,84.9,21.225,-6.099999999999994,1
415,1,17,6,7,72,1,84,Yes,High,76.2,12.7,-7.799999999999997,1
416,1,21,6,5,65,3,69,No,Low,81.1,13.516666666666666,12.099999999999994,1
417,1,17,1,8,73,6,80,No,High,60.9,60.9,-19.1,1
418,0,18,9,5,96,2,86,Yes,High,116.2,12.911111111111111,30.200000000000003,2
419,0,20,2,7,74,1,42,No,Low,54.0,27.0,12.0,0
420,0,21,5,6,63,9,85,No,Low,84.9,16.98,-0.0999999999999943,1
421,0,18,9,5,99,1,94,No,High,108.3,12.033333333333331,14.299999999999995,2
422,0,21,4,4,75,0,50,Yes,High,64.5,16.125,14.5,1
423,0,19,3,4,87,4,63,No,Low,59.3,19.766666666666666,-3.700000000000003,0
424,1,17,7,8,75,5,61,No,Low,79.9,11.414285714285716,18.90000000000001,1
425,0,19,6,7,63,5,83,No,High,81.1,13.516666666666666,-1.9000000000000057,1
426,1,18,8,8,85,8,84,Yes,High,97.1,12.1375,13.099999999999994,2
427,1,20,3,8,87,3,65,Yes,High,63.1,21.03333333333333,-1.8999999999999984,1
428,0,21,5,8,91,0,52,No,Low,77.1,15.419999999999998,25.099999999999994,1
429,1,17,4,4,61,5,40,Yes,High,51.3,12.825,11.299999999999995,0
430,0,21,4,4,90,4,63,No,Medium,80.2,20.05,17.200000000000003,1
431,1,18,4,8,62,9,49,Yes,Low,58.2,14.55,9.200000000000005,0
432,0,21,8,4,67,5,74,Yes,High,83.7,10.4625,9.700000000000005,1
433,1,17,6,7,83,2,63,No,Low,71.1,11.85,8.099999999999994,1
434,0,18,3,8,74,1,67,No,Medium,63.0,21.0,-4.0,1
435,0,21,5,4,90,5,75,No,Low,87.0,17.4,12.0,2
436,0,20,6,5,68,0,55,Yes,High,74.4,12.4,19.40000000000001,1
437,0,18,5,8,98,6,79,No,Medium,83.0,16.6,4.0,1
438,0,18,6,8,61,6,55,Yes,Medium,68.3,11.383333333333333,13.299999999999995,1
439,1,20,8,7,67,9,56,Yes,High,82.5,10.3125,26.5,1
440,1,19,7,6,66,6,90,No,High,90.8,12.971428571428572,0.7999999999999972,2
441,1,17,5,6,98,9,93,Yes,High,96.6,19.32,3.5999999999999943,2
442,0,19,6,7,75,0,54,No,Low,73.1,12.183333333333332,19.099999999999994,1
443,1,21,4,7,94,3,55,Yes,Low,71.2,17.8,16.200000000000003,1
444,0,20,9,7,89,6,54,No,Low,88.3,9.81111111111111,34.3,2
445,0,19,4,6,69,8,73,Yes,High,70.9,17.725,-2.0999999999999943,1
446,1,18,1,7,97,4,50,Yes,High,53.1,53.1,3.1000000000000014,0
447,1,21,7,4,77,1,40,No,Low,81.1,11.585714285714284,41.1,1
448,0,21,7,8,64,6,54,Yes,Medium,82.8,11.828571428571427,28.8,1
449,1,19,4,8,88,9,65,No,Low,65.4,16.35,0.4000000000000057,1
450,0,19,3,5,98,0,90,Yes,Medium,78.4,26.133333333333336,-11.599999999999994,1
451,0,20,8,5,93,6,43,Yes,High,81.1,10.1375,38.1,1
452,0,17,5,8,82,5,82,Yes,High,89.4,17.880000000000003,7.400000000000006,2
453,0,19,7,4,64,6,44,No,Low,68.8,9.828571428571427,24.8,1
454,0,19,4,6,89,9,74,No,Low,76.3,19.075,2.299999999999997,1
455,1,18,4,6,65,2,52,No,High,56.3,14.075,4.299999999999997,0
456,1,21,8,4,63,2,49,No,Low,76.5,9.5625,27.5,1
457,0,17,8,6,88,6,50,No,High,83.4,10.425,33.400000000000006,1
458,0,18,2,7,82,1,57,Yes,High,49.4,24.7,-7.600000000000001,0
459,1,20,2,8,65,0,73,Yes,Medium,64.7,32.35,-8.299999999999997,1
460,1,20,3,8,91,8,78,No,Low,64.5,21.5,-13.5,1
461,0,19,3,4,77,8,80,Yes,High,74.1,24.7,-5.900000000000006,1
462,1,19,1,6,74,6,81,Yes,Low,62.6,62.6,-18.4,1
463,0,20,3,5,99,6,89,Yes,Medium,87.3,29.1,-1.7000000000000028,2
464,1,19,6,5,91,2,62,Yes,Medium,87.1,14.516666666666666,25.099999999999994,2
465,0,17,8,6,68,9,46,No,Low,87.8,10.975,41.8,2
466,1,19,6,5,96,1,78,Yes,Low,83.0,13.833333333333334,5.0,1
467,0,21,5,4,69,6,42,No,High,71.5,14.3,29.5,1
468,1,19,4,4,79,8,51,No,Medium,59.1,14.775,8.100000000000001,0
469,1,18,3,6,65,0,46,Yes,Medium,47.9,15.966666666666669,1.8999999999999984,0
470,0,17,4,5,62,3,88,No,Medium,73.8,18.45,-14.200000000000005,1
471,1,18,7,4,70,5,65,Yes,Low,88.0,12.571428571428571,23.0,2
472,0,18,1,4,76,6,72,Yes,High,48.6,48.6,-23.4,0
473,1,21,7,7,91,9,76,Yes,Low,94.7,13.528571428571428,18.700000000000003,2
474,0,17,1,7,63,6,87,No,Low,50.7,50.7,-36.3,0
475,1,17,2,4,63,9,54,No,Low,55.5,27.75,1.5,0
476,0,17,4,6,76,1,41,No,High,63.2,15.8,22.200000000000003,1
477,1,17,1,8,78,3,80,Yes,Low,60.4,60.4,-19.6,1
478,0,17,9,8,64,4,46,Yes,Medium,89.6,9.955555555555556,43.6,2
479,1,21,6,4,91,0,71,Yes,Medium,89.7,14.95,18.700000000000003,2
480,0,19,1,4,81,0,43,No,Medium,40.5,40.5,-2.5,0
481,0,18,1,4,65,9,59,Yes,High,53.1,53.1,-5.899999999999999,0
482,0,17,6,6,94,2,89,Yes,Low,98.8,16.466666666666665,9.799999999999995,2
483,1,19,4,7,81,9,92,No,High,87.1,21.775,-4.900000000000006,2
484,0,19,4,4,60,2,75,No,Low,66.0,16.5,-9.0,1
485,1,18,6,4,79,7,71,No,Medium,74.1,12.35,3.0999999999999943,1
486,0,21,7,5,81,8,67,Yes,Low,95.1,13.585714285714284,28.099999999999994,2
487,1,20,9,6,70,0,52,Yes,Low,88.8,9.866666666666667,36.8,2
488,0,20,5,4,72,1,40,Yes,Low,54.6,10.92,14.6,0
489,1,19,9,5,62,9,74,No,High,89.2,9.911111111111111,15.200000000000005,2
490,1,18,4,8,68,1,87,No,Low,70.2,17.55,-16.799999999999997,1
491,0,20,2,4,71,3,69,No,Low,56.9,28.45,-12.1,0
492,1,19,3,4,82,1,93,No,Low,77.8,25.933333333333334,-15.200000000000005,1
493,1,21,1,5,73,6,75,Yes,High,60.9,60.9,-14.1,1
494,0,20,6,6,92,8,94,Yes,High,104.2,17.366666666666667,10.200000000000005,2
495,1,19,6,4,77,6,64,Yes,High,70.7,11.783333333333331,6.700000000000003,1
496,1,19,1,8,68,5,55,Yes,Low,46.4,46.4,-8.600000000000001,0
497,1,17,3,4,82,9,58,Yes,Medium,52.8,17.599999999999998,-5.200000000000003,0
498,0,21,5,8,69,0,40,Yes,Medium,69.7,13.94,29.700000000000003,1
499,1,17,3,7,78,9,44,Yes,Medium,64.0,21.33333333333333,20.0,1
500,0,18,3,7,64,8,90,Yes,Low,72.2,24.066666666666663,-17.799999999999997,1
501,1,17,3,8,82,4,61,No,Medium,65.0,21.666666666666668,4.0,1
502,1,17,5,6,89,4,63,No,Medium,66.9,13.38,3.9000000000000057,1
503,1,20,5,4,84,5,82,Yes,Medium,91.0,18.2,9.0,2
504,0,19,4,4,87,8,84,No,Low,84.7,21.175,0.7000000000000028,1
505,1,21,1,7,93,7,91,Yes,Medium,73.3,73.3,-17.700000000000003,1
506,1,17,5,8,84,7,76,Yes,Medium,85.6,17.119999999999997,9.599999999999994,2
507,0,21,5,4,69,7,92,No,Low,82.5,16.5,-9.5,1
508,1,17,4,4,73,0,75,Yes,High,66.9,16.725,-8.099999999999994,1
509,0,18,6,6,89,0,75,Yes,Medium,86.7,14.45,11.700000000000005,2
510,0,17,4,5,84,7,43,Yes,High,54.4,13.6,11.4,0
511,1,20,7,7,73,4,75,Yes,Medium,90.9,12.985714285714286,15.900000000000006,2
512,0,19,7,7,94,8,91,Yes,Low,89.6,12.8,-1.4000000000000057,2
513,1,18,2,5,93,1,92,Yes,High,70.7,35.35,-21.3,1
514,0,17,3,4,69,8,57,Yes,High,48.5,16.166666666666668,-8.5,0
515,0,21,1,6,94,7,89,No,High,74.8,74.8,-14.200000000000005,1
516,1,18,8,6,70,8,55,No,High,81.0,10.125,26.0,1
517,0,18,9,7,70,3,80,Yes,Medium,100.0,11.11111111111111,20.0,2
518,0,17,4,6,80,0,57,No,Medium,66.8,16.7,9.799999999999995,1
519,0,18,6,5,80,0,61,Yes,High,87.4,14.566666666666668,26.40000000000001,2
520,0,21,9,4,81,4,41,Yes,Medium,80.7,8.966666666666667,39.7,1
521,0,18,6,5,66,1,60,Yes,High,63.8,10.633333333333333,3.799999999999997,1
522,1,21,9,8,76,7,75,Yes,High,93.8,10.422222222222222,18.8,2
523,0,17,4,7,61,9,83,No,Low,72.5,18.125,-10.5,1
524,1,19,8,6,71,4,78,No,High,101.5,12.6875,23.5,2
525,0,18,9,8,77,4,86,No,Medium,110.5,12.27777777777778,24.5,2
526,1,19,4,6,70,1,78,No,High,78.2,19.55,0.2000000000000028,1
527,1,21,5,4,75,6,68,Yes,Low,67.7,13.54,-0.2999999999999971,1
528,0,18,8,4,77,7,93,No,Medium,92.3,11.5375,-0.7000000000000028,2
529,0,20,6,4,94,9,65,Yes,Low,74.2,12.366666666666667,9.200000000000005,1
530,0,19,7,6,85,0,60,Yes,Low,91.5,13.071428571428571,31.5,2
531,1,18,3,8,75,1,56,No,High,63.9,21.3,7.899999999999999,1
532,0,19,7,4,65,9,55,Yes,Low,73.5,10.5,18.5,1
533,1,18,8,8,71,3,70,No,Low,79.3,9.9125,9.299999999999995,1
534,1,17,6,6,72,4,90,No,Medium,96.6,16.099999999999998,6.599999999999994,2
535,1,19,9,8,63,1,48,No,Low,86.1,9.566666666666666,38.1,2
536,0,20,6,6,98,0,70,No,High,80.4,13.4,10.400000000000006,1
537,0,20,9,6,61,8,53,No,High,78.5,8.722222222222221,25.5,1
538,1,21,4,7,85,0,88,Yes,High,82.7,20.675,-5.299999999999997,1
539,1,18,8,6,86,3,76,No,Low,100.2,12.525,24.200000000000003,2
540,0,19,4,6,86,1,41,No,Medium,57.2,14.3,16.200000000000003,0
541,1,21,2,5,74,3,91,Yes,High,58.6,29.3,-32.4,0
542,0,19,9,4,67,7,87,No,Low,107.9,11.988888888888887,20.90000000000001,2
543,1,18,5,7,66,7,85,No,High,80.8,16.16,-4.200000000000003,1
544,0,20,4,7,99,8,53,Yes,High,65.9,16.475,12.900000000000006,1
545,1,17,2,7,71,4,72,Yes,Medium,64.1,32.05,-7.900000000000006,1
546,0,20,1,5,72,6,74,No,High,61.2,61.2,-12.799999999999995,1
547,1,21,7,6,76,2,78,Yes,Medium,94.0,13.428571428571429,16.0,2
548,0,17,6,4,76,9,86,No,Low,86.2,14.366666666666667,0.2000000000000028,2
549,0,21,2,8,95,3,90,Yes,High,72.5,36.25,-17.5,1
550,1,18,8,6,80,9,59,No,Low,85.6,10.7,26.599999999999994,2
551,1,17,4,5,67,8,41,No,Low,62.5,15.625,21.5,1
552,0,21,8,6,64,9,90,No,Low,101.2,12.65,11.200000000000005,2
553,1,18,7,6,85,9,80,Yes,High,98.5,14.071428571428571,18.5,2
554,0,20,5,5,75,0,58,No,Medium,71.7,14.34,13.700000000000005,1
555,1,18,8,7,95,1,76,Yes,High,100.9,12.6125,24.90000000000001,2
556,0,19,9,7,87,4,57,No,Low,94.9,10.544444444444444,37.900000000000006,2
557,0,18,5,4,88,2,55,No,Medium,76.4,15.28,21.40000000000001,1
558,0,18,5,4,71,1,43,No,Low,62.5,12.5,19.5,1
559,0,19,2,7,96,0,51,No,Medium,67.2,33.6,16.200000000000003,1
560,0,21,5,8,89,9,68,No,High,69.9,13.98,1.9000000000000057,1
561,0,21,3,6,82,2,46,Yes,Medium,51.0,17.0,5.0,0
562,1,18,7,8,75,0,53,Yes,High,86.7,12.385714285714286,33.7,2
563,1,19,5,6,73,0,94,Yes,Low,80.5,16.1,-13.5,1
564,1,19,8,7,69,0,51,No,Medium,85.1,10.6375,34.099999999999994,2
565,0,20,1,4,66,7,74,No,Low,58.4,58.4,-15.6,0
566,0,21,3,4,96,2,44,Yes,Medium,56.4,18.8,12.4,0
567,0,17,3,8,88,0,56,No,High,55.8,18.6,-0.2000000000000028,0
568,0,21,9,4,62,6,81,No,Medium,91.0,10.11111111111111,10.0,2
569,1,21,5,7,74,9,71,No,Medium,80.6,16.119999999999997,9.599999999999994,1
570,1,20,9,8,95,2,49,Yes,High,84.1,9.344444444444443,35.099999999999994,1
571,0,17,9,6,78,7,82,Yes,High,97.2,10.8,15.200000000000005,2
572,1,20,1,4,72,3,56,Yes,High,49.0,49.0,-7.0,0
573,1,17,2,5,80,3,44,Yes,Medium,47.6,23.8,3.6000000000000014,0
574,0,18,5,4,96,4,84,Yes,Low,80.4,16.080000000000002,-3.5999999999999943,1
575,1,17,4,6,86,5,81,No,Medium,87.2,21.8,6.200000000000003,2
576,0,20,9,8,88,6,48,No,Medium,86.6,9.622222222222222,38.6,2
577,1,21,7,6,79,3,88,No,Low,86.9,12.414285714285716,-1.0999999999999943,2
578,0,17,6,5,84,7,72,No,High,85.0,14.166666666666666,13.0,2
579,0,17,7,7,65,5,75,Yes,Medium,78.5,11.214285714285714,3.5,1
580,0,19,1,4,95,0,75,Yes,Low,71.5,71.5,-3.5,1
581,0,21,1,8,61,0,57,No,High,40.1,40.1,-16.9,0
582,1,18,8,7,81,8,48,Yes,High,91.5,11.4375,43.5,2
583,0,20,2,6,91,9,68,No,Medium,56.5,28.25,-11.5,0
584,0,18,9,8,75,5,89,No,High,103.1,11.455555555555556,14.099999999999994,2
585,0,21,7,7,77,9,53,No,High,75.3,10.757142857142856,22.3,1
586,1,17,6,8,64,7,64,No,Low,80.8,13.466666666666669,16.799999999999997,1
587,0,17,1,5,95,6,54,Yes,Low,53.1,53.1,-0.8999999999999986,0
588,1,21,1,5,89,5,45,No,High,47.7,47.7,2.700000000000003,0
589,0,17,2,4,78,3,81,Yes,Low,64.8,32.4,-16.200000000000003,1
590,1,17,6,4,82,6,68,No,High,83.8,13.966666666666669,15.799999999999995,1
591,1,17,6,5,93,8,54,No,Medium,83.5,13.916666666666666,29.5,1
592,0,20,2,8,72,9,68,No,Low,52.8,26.4,-15.200000000000005,0
593,1,20,1,5,88,9,43,No,High,40.6,40.6,-2.3999999999999986,0
594,0,19,5,4,95,6,57,Yes,High,73.3,14.66,16.299999999999997,1
595,0,18,5,5,81,0,89,No,Low,93.9,18.78,4.900000000000006,2
596,0,21,2,5,95,9,88,Yes,Low,72.7,36.35,-15.299999999999995,1
597,1,21,6,8,68,8,83,No,Medium,85.6,14.266666666666666,2.5999999999999943,2
598,1,21,9,7,98,3,78,No,High,97.6,10.844444444444443,19.599999999999994,2
599,0,19,2,4,78,2,55,No,Medium,52.4,26.2,-2.6000000000000014,0
600,0,20,2,8,97,3,50,Yes,Medium,57.1,28.55,7.100000000000001,0
601,1,19,3,5,65,3,53,No,Medium,56.7,18.9,3.700000000000003,0
602,0,21,7,5,74,9,42,No,Low,74.0,10.571428571428571,32.0,1
603,0,18,6,7,79,1,90,No,Medium,80.7,13.45,-9.299999999999995,1
604,0,17,8,4,68,0,89,No,Low,103.0,12.875,14.0,2
605,1,20,8,4,91,9,81,No,Low,97.7,12.2125,16.700000000000003,2
606,1,20,6,6,63,0,77,Yes,Medium,70.7,11.783333333333331,-6.299999999999997,1
607,1,19,3,4,77,7,84,Yes,Medium,62.7,20.9,-21.3,1
608,0,20,3,7,64,1,81,No,High,58.6,19.53333333333333,-22.4,0
609,0,21,1,6,79,9,57,No,Medium,56.5,56.5,-0.5,0
610,0,21,7,6,82,4,59,Yes,High,91.2,13.028571428571428,32.2,2
611,1,19,5,5,70,3,87,No,Medium,73.8,14.76,-13.200000000000005,1
612,0,21,4,5,96,7,64,Yes,Medium,81.4,20.35,17.400000000000006,1
613,0,18,4,4,81,1,77,No,Medium,84.1,21.025,7.099999999999994,1
614,0,19,4,6,63,9,52,No,Medium,66.7,16.675,14.700000000000005,1
615,0,18,6,5,88,8,43,Yes,High,72.6,12.1,29.599999999999994,1
616,1,17,8,7,93,6,94,No,High,105.5,13.1875,11.5,2
617,1,18,8,5,72,6,53,Yes,Medium,88.8,11.1,35.8,2
618,0,17,5,5,68,0,72,Yes,Medium,83.2,16.64,11.200000000000005,1
619,1,17,6,6,90,1,67,Yes,High,88.8,14.8,21.8,2
620,1,18,4,6,66,3,91,No,Low,85.2,21.3,-5.799999999999997,2
621,0,19,9,8,63,3,76,Yes,Low,96.3,10.7,20.3,2
622,0,21,8,7,78,2,47,Yes,Low,73.2,9.15,26.200000000000003,1
623,1,21,1,6,89,6,83,No,High,55.9,55.9,-27.1,0
624,0,17,2,4,90,7,73,No,High,69.2,34.6,-3.799999999999997,1
625,1,17,9,7,94,1,83,No,Low,99.4,11.044444444444444,16.400000000000006,2
626,0,19,8,7,80,3,44,No,Low,87.6,10.95,43.6,2
627,1,20,3,6,90,2,93,No,Medium,81.2,27.066666666666663,-11.799999999999995,1
628,0,18,8,7,78,1,44,No,High,74.0,9.25,30.0,1
629,1,17,1,6,90,5,70,Yes,High,52.0,52.0,-18.0,0
630,1,21,4,5,91,3,84,No,Low,81.9,20.475,-2.0999999999999943,1
631,1,19,3,8,61,5,48,Yes,Low,49.5,16.5,1.5,0
632,0,18,6,5,69,1,81,No,High,74.1,12.35,-6.900000000000006,1
633,1,19,7,6,61,3,71,Yes,Medium,76.7,10.957142857142856,5.700000000000003,1
634,1,18,4,6,61,5,72,Yes,Low,66.1,16.525,-5.900000000000006,1
635,0,18,7,5,83,4,42,No,High,77.7,11.1,35.7,1
636,0,17,9,4,76,2,69,No,High,94.4,10.488888888888887,25.40000000000001,2
637,1,19,2,4,91,7,89,Yes,Medium,71.9,35.95,-17.099999999999994,1
638,1,19,3,4,75,6,51,No,Medium,49.9,16.633333333333333,-1.1000000000000014,0
639,0,21,5,6,75,2,68,No,Low,83.7,16.740000000000002,15.700000000000005,1
640,0,21,3,7,98,5,42,Yes,Low,60.2,20.066666666666663,18.200000000000003,1
641,0,17,8,6,90,3,65,Yes,Low,91.0,11.375,26.0,2
642,0,17,8,7,83,4,69,Yes,High,101.5,12.6875,32.5,2
643,0,20,8,5,60,4,48,No,Low,85.2,10.65,37.2,2
644,1,21,9,8,70,6,65,No,High,95.0,10.555555555555555,30.0,2
645,0,18,4,7,80,4,41,No,Low,51.4,12.85,10.4,0
646,1,19,5,4,63,2,42,No,Medium,54.7,10.94,12.700000000000005,0
647,1,17,5,6,66,9,85,Yes,Medium,87.8,17.56,2.799999999999997,2
648,1,19,8,5,85,4,43,No,High,79.7,9.9625,36.7,1
649,0,19,7,4,71,6,64,Yes,Medium,77.9,11.12857142857143,13.900000000000006,1
650,1,20,9,5,90,4,90,No,High,103.0,11.444444444444445,13.0,2
651,1,21,8,8,76,4,52,No,High,83.6,10.45,31.599999999999994,1
652,0,17,2,6,92,8,78,Yes,Medium,69.8,34.9,-8.200000000000003,1
653,1,19,4,6,70,2,83,No,High,81.2,20.3,-1.7999999999999972,1
654,1,17,6,8,87,5,74,No,Medium,93.7,15.616666666666667,19.700000000000003,2
655,0,18,2,6,91,0,94,Yes,Low,73.9,36.95,-20.099999999999994,1
656,1,20,7,7,60,9,62,No,Low,80.8,11.542857142857144,18.8,1
657,1,18,3,5,87,4,48,Yes,Medium,52.3,17.433333333333334,4.299999999999997,0
658,1,17,3,4,66,7,41,Yes,Medium,58.2,19.4,17.200000000000003,0
659,0,17,2,8,61,4,93,Yes,Medium,69.5,34.75,-23.5,1
660,0,21,8,7,83,8,80,Yes,Medium,91.9,11.4875,11.900000000000006,2
661,0,19,6,4,63,5,83,No,Low,81.1,13.516666666666666,-1.9000000000000057,1
662,1,19,1,4,78,7,70,No,High,57.4,57.4,-12.6,0
663,1,18,1,8,85,9,83,No,High,59.7,59.7,-23.3,0
664,0,20,7,7,70,7,86,Yes,Low,96.4,13.771428571428572,10.400000000000006,2
665,1,19,8,4,99,2,41,No,High,76.1,9.5125,35.099999999999994,1
666,1,21,5,4,70,6,71,No,Low,81.4,16.28,10.400000000000006,1
667,0,18,5,7,62,6,57,No,High,70.4,14.080000000000002,13.400000000000006,1
668,0,18,4,6,71,9,52,No,Medium,70.1,17.525,18.099999999999994,1
669,1,21,6,4,62,5,85,Yes,Medium,72.6,12.1,-12.400000000000006,1
670,1,20,6,5,86,6,44,Yes,Medium,67.4,11.233333333333334,23.40000000000001,1
671,1,21,3,7,61,1,81,No,Low,69.7,23.23333333333333,-11.299999999999995,1
672,0,20,9,4,75,8,83,Yes,Low,92.7,10.3,9.700000000000005,2
673,0,21,7,8,61,9,49,No,High,62.9,8.985714285714286,13.9,1
674,0,21,1,5,89,9,82,No,High,61.5,61.5,-20.5,1
675,0,17,7,4,79,0,64,No,High,85.3,12.185714285714283,21.3,2
676,1,18,5,5,97,0,73,Yes,Low,91.3,18.26,18.3,2
677,0,21,5,5,87,2,76,No,High,82.5,16.5,6.5,1
678,0,21,2,6,84,2,69,Yes,Medium,64.8,32.4,-4.200000000000003,1
679,0,19,4,5,91,0,46,Yes,High,55.7,13.925,9.700000000000005,0
680,0,18,6,6,69,6,45,No,Medium,76.7,12.783333333333331,31.700000000000003,1
681,0,19,7,7,99,3,93,Yes,Low,96.9,13.842857142857143,3.9000000000000057,2
682,1,18,5,6,92,9,94,Yes,Medium,87.2,17.44,-6.799999999999997,2
683,1,19,9,8,72,1,42,No,Medium,76.4,8.488888888888889,34.400000000000006,1
684,0,21,3,4,96,9,52,Yes,Medium,58.6,19.53333333333333,6.600000000000001,0
685,1,21,1,7,75,4,42,Yes,Low,40.3,40.3,-1.7000000000000028,0
686,0,17,4,7,81,5,65,No,Low,63.3,15.825,-1.7000000000000028,1
687,0,19,9,8,79,8,63,No,Low,102.9,11.433333333333334,39.900000000000006,2
688,1,20,4,6,86,3,92,Yes,Low,75.6,18.9,-16.400000000000006,1
689,1,17,2,4,75,1,45,No,High,54.5,27.25,9.5,0
690,0,19,5,6,93,4,82,No,Low,79.7,15.94,-2.299999999999997,1
691,0,19,3,5,91,2,88,Yes,Medium,75.5,25.166666666666668,-12.5,1
692,0,17,9,6,85,1,81,Yes,Low,93.9,10.433333333333334,12.900000000000006,2
693,1,21,4,7,84,0,51,No,High,61.6,15.4,10.6,1
694,0,19,6,4,61,9,88,Yes,High,89.5,14.916666666666666,1.5,2
695,0,21,2,6,71,1,75,No,High,66.3,33.15,-8.700000000000003,1
696,0,17,6,4,99,5,41,No,Medium,82.1,13.683333333333332,41.1,1
697,1,21,3,4,68,7,50,Yes,Low,64.4,21.46666666666667,14.400000000000006,1
698,0,18,9,5,71,2,78,Yes,Low,88.5,9.833333333333334,10.5,2
699,0,20,2,5,85,8,73,No,Low,64.7,32.35,-8.299999999999997,1
700,1,19,9,7,68,8,65,No,Medium,82.4,9.155555555555557,17.400000000000006,1
701,0,20,5,8,69,1,57,No,Medium,58.5,11.7,1.5,0
702,0,21,8,4,91,7,60,No,High,82.3,10.2875,22.3,1
703,1,19,2,8,93,9,75,Yes,High,65.9,32.95,-9.099999999999994,1
704,0,21,6,7,79,4,79,No,Low,76.3,12.716666666666669,-2.700000000000003,1
705,1,18,3,4,98,3,91,Yes,Medium,84.8,28.266666666666666,-6.200000000000003,1
706,1,17,5,4,61,9,85,Yes,Medium,76.3,15.26,-8.700000000000003,1
707,0,19,8,8,60,4,83,No,Low,95.2,11.9,12.200000000000005,2
708,0,18,1,6,95,3,61,Yes,Low,56.9,56.9,-4.100000000000001,0
709,0,18,5,5,83,7,92,Yes,High,92.7,18.54,0.7000000000000028,2
710,0,19,3,6,86,3,69,No,High,66.4,22.133333333333336,-2.5999999999999943,1
711,1,21,4,8,61,9,89,Yes,High,80.9,20.225,-8.099999999999994,1
712,0,18,2,5,90,5,82,Yes,Low,62.8,31.4,-19.200000000000003,1
713,1,20,9,6,73,1,69,No,Low,92.5,10.27777777777778,23.5,2
714,0,18,3,5,61,4,47,No,High,57.1,19.03333333333333,10.1,0
715,0,21,2,4,88,5,73,No,High,58.6,29.3,-14.4,0
716,0,21,9,6,74,4,86,No,Medium,106.6,11.844444444444443,20.599999999999994,2
717,1,20,7,5,71,1,48,No,Medium,83.5,11.928571428571429,35.5,1
718,0,18,6,5,96,6,90,No,High,84.8,14.133333333333333,-5.200000000000003,1
719,0,21,1,5,87,3,59,No,High,49.7,49.7,-9.299999999999995,0
720,0,19,5,6,79,7,79,Yes,Medium,79.3,15.86,0.2999999999999971,1
721,0,17,3,7,98,6,64,Yes,High,75.0,25.0,11.0,1
722,1,17,1,6,83,6,58,No,Medium,46.1,46.1,-11.9,0
723,0,17,4,8,80,8,44,Yes,Medium,63.6,15.9,19.6,1
724,1,18,2,6,69,0,50,Yes,Medium,55.7,27.85,5.700000000000003,0
725,1,20,2,5,73,9,54,No,Low,62.5,31.25,8.5,1
726,1,21,3,4,96,5,47,Yes,Low,57.6,19.2,10.6,0
727,1,19,8,6,77,5,58,No,High,86.3,10.7875,28.3,2
728,1,19,8,6,83,5,62,Yes,Medium,81.7,10.2125,19.700000000000003,1
729,1,18,7,5,73,5,66,No,Low,92.3,13.185714285714283,26.3,2
730,0,17,6,4,93,9,79,Yes,High,88.5,14.75,9.5,2
731,1,18,9,4,71,6,71,Yes,High,84.7,9.411111111111111,13.700000000000005,1
732,1,20,4,8,81,9,65,Yes,High,79.3,19.825,14.299999999999995,1
733,1,20,1,6,65,5,66,No,High,50.9,50.9,-15.1,0
734,0,21,8,4,95,0,58,Yes,High,92.7,11.5875,34.7,2
735,0,21,7,4,95,2,89,Yes,Medium,102.1,14.585714285714284,13.099999999999994,2
736,1,20,7,7,81,1,81,No,High,88.7,12.671428571428573,7.700000000000003,2
737,0,20,3,7,73,5,68,No,Medium,64.1,21.366666666666664,-3.9000000000000057,1
738,1,20,4,4,75,7,78,Yes,Low,66.7,16.675,-11.299999999999995,1
739,1,18,9,8,95,2,80,Yes,High,101.5,11.27777777777778,21.5,2
740,0,20,6,4,84,9,72,Yes,Low,83.0,13.833333333333334,11.0,1
741,1,19,5,5,91,7,58,Yes,Medium,83.5,16.7,25.5,1
742,0,17,3,6,92,7,76,No,Medium,66.0,22.0,-10.0,1
743,0,20,9,8,95,4,58,Yes,Low,87.7,9.744444444444444,29.700000000000003,2
744,1,17,5,5,79,7,72,Yes,High,84.5,16.9,12.5,1
745,1,18,5,8,77,5,86,No,High,85.5,17.1,-0.5,2
746,0,17,4,5,97,4,55,Yes,Low,76.1,19.025,21.099999999999994,1
747,1,18,4,6,62,8,62,Yes,Low,63.4,15.85,1.3999999999999986,1
748,1,19,1,6,82,6,46,Yes,Low,47.0,47.0,1.0,0
749,1,18,7,7,91,7,65,No,High,94.3,13.471428571428572,29.3,2
750,0,18,9,5,75,0,71,No,High,98.9,10.988888888888887,27.90000000000001,2
751,0,21,3,7,64,1,51,Yes,High,47.6,15.866666666666667,-3.3999999999999986,0
752,1,20,2,5,63,7,47,Yes,Low,55.7,27.85,8.700000000000003,0
753,0,20,3,7,80,8,44,No,High,47.6,15.866666666666667,3.6000000000000014,0
754,0,19,1,6,99,3,81,Yes,Medium,63.1,63.1,-17.9,1
755,0,19,6,8,73,9,67,Yes,Low,76.7,12.783333333333331,9.700000000000005,1
756,0,20,7,7,98,9,92,No,High,109.2,15.6,17.200000000000003,2
757,0,21,2,5,90,8,44,No,Low,59.6,29.8,15.6,0
758,1,20,8,5,73,3,88,No,Medium,102.1,12.7625,14.099999999999994,2
759,1,21,6,6,65,9,65,Yes,Medium,82.5,13.75,17.5,1
760,1,19,4,5,71,9,44,Yes,Low,58.9,14.725,14.9,0
761,0,17,5,4,75,9,61,Yes,Low,67.9,13.580000000000002,6.900000000000006,1
762,0,19,8,8,76,8,54,Yes,Medium,82.4,10.3,28.40000000000001,1
763,1,19,3,7,82,6,52,No,Low,53.4,17.8,1.3999999999999986,0
764,0,18,3,8,73,1,67,Yes,Medium,65.7,21.9,-1.2999999999999972,1
765,1,18,4,6,66,8,72,Yes,Medium,61.6,15.4,-10.4,1
766,1,18,1,7,91,3,82,No,High,73.1,73.1,-8.900000000000006,1
767,1,18,9,7,74,7,62,No,Low,83.0,9.22222222222222,21.0,1
768,0,21,8,4,76,6,72,Yes,Low,89.6,11.2,17.599999999999994,2
769,0,20,8,6,93,6,82,No,High,101.7,12.7125,19.700000000000003,2
770,1,17,6,5,64,7,57,No,Medium,63.0,10.5,6.0,1
771,1,19,7,4,86,0,89,Yes,Low,91.4,13.05714285714286,2.4000000000000057,2
772,1,21,6,4,82,4,92,Yes,High,85.4,14.233333333333334,-6.599999999999994,2
773,1,17,9,8,99,1,69,Yes,High,96.3,10.7,27.3,2
774,0,21,3,8,73,1,65,Yes,Low,71.9,23.96666666666667,6.900000000000006,1
775,0,21,3,8,74,0,55,No,High,53.2,17.733333333333334,-1.7999999999999972,0
776,1,19,3,4,92,4,52,No,Medium,56.4,18.8,4.399999999999999,0
777,1,20,3,5,90,1,78,Yes,High,71.2,23.73333333333333,-6.799999999999997,1
778,0,18,9,7,94,3,72,Yes,Medium,101.0,11.22222222222222,29.0,2
779,0,20,4,8,76,2,65,No,Medium,73.8,18.45,8.799999999999997,1
780,1,19,7,5,87,2,87,Yes,Low,94.9,13.55714285714286,7.900000000000006,2
781,1,19,9,6,78,1,40,Yes,High,83.4,9.266666666666667,43.400000000000006,1
782,1,19,7,8,82,5,88,Yes,Medium,102.8,14.685714285714283,14.799999999999995,2
783,0,17,9,7,91,1,77,Yes,Medium,102.1,11.344444444444443,25.099999999999994,2
784,0,20,3,6,99,7,41,No,High,56.1,18.7,15.1,0
785,0,20,4,6,72,7,88,Yes,Medium,82.8,20.7,-5.200000000000003,1
786,1,21,8,7,79,4,45,No,High,75.7,9.4625,30.700000000000003,1
787,1,21,6,8,94,9,85,Yes,Low,87.2,14.533333333333331,2.200000000000003,2
788,0,21,5,4,64,6,89,Yes,Medium,83.8,16.759999999999998,-5.200000000000003,1
789,0,19,4,7,68,3,77,No,Medium,79.2,19.8,2.200000000000003,1
790,1,20,8,7,88,0,81,Yes,High,105.8,13.225,24.8,2
791,0,19,1,7,65,1,63,No,High,42.7,42.7,-20.3,0
792,0,17,9,6,84,9,57,Yes,High,90.0,10.0,33.0,2
793,1,21,1,5,90,9,66,Yes,High,63.4,63.4,-2.6000000000000014,1
794,0,19,8,4,81,3,80,Yes,Medium,104.3,13.0375,24.3,2
795,1,19,4,8,61,0,47,Yes,Low,66.1,16.525,19.099999999999994,1
796,1,17,9,8,64,7,67,Yes,Low,83.0,9.22222222222222,16.0,1
797,1,18,5,5,86,8,49,No,Low,69.4,13.88,20.40000000000001,1
798,1,20,3,7,84,3,56,No,Low,53.6,17.866666666666667,-2.3999999999999986,0
799,1,18,9,4,67,9,94,Yes,High,95.7,10.633333333333333,1.7000000000000028,2
800,1,21,9,8,60,2,68,Yes,Medium,85.2,9.466666666666669,17.200000000000003,2
801,1,19,4,8,79,1,45,No,Medium,61.7,15.425,16.700000000000003,1
802,0,17,4,7,82,4,53,No,Medium,68.8,17.2,15.799999999999995,1
803,1,17,8,5,91,2,61,Yes,High,96.7,12.0875,35.7,2
804,1,20,2,4,70,9,93,Yes,Medium,76.2,38.1,-16.799999999999997,1
805,0,18,9,5,98,6,45,No,High,83.4,9.266666666666667,38.400000000000006,1
806,0,20,6,5,83,5,65,Yes,Medium,86.9,14.483333333333334,21.90000000000001,2
807,0,19,9,4,70,0,78,No,Low,95.2,10.577777777777778,17.200000000000003,2
808,1,20,8,4,88,7,51,Yes,High,92.8,11.6,41.8,2
809,0,17,7,8,85,1,74,No,Medium,94.1,13.44285714285714,20.099999999999994,2
810,1,17,1,8,75,4,53,No,Low,44.7,44.7,-8.299999999999997,0
811,1,21,3,4,94,8,61,Yes,Low,75.6,25.2,14.599999999999994,1
812,1,21,2,6,79,7,90,No,Low,61.7,30.85,-28.3,1
813,1,19,5,8,62,1,62,Yes,High,58.4,11.68,-3.6000000000000014,0
814,0,18,5,6,60,8,87,Yes,High,70.8,14.16,-16.200000000000003,1
815,0,20,5,4,60,4,46,Yes,Medium,68.4,13.68,22.40000000000001,1
816,1,19,4,8,76,9,79,Yes,Low,71.4,17.85,-7.599999999999994,1
817,1,21,5,5,61,5,89,No,Medium,86.9,17.380000000000003,-2.0999999999999943,2
818,1,20,3,4,88,2,64,Yes,Medium,62.0,20.666666666666668,-2.0,1
819,0,21,1,7,79,2,52,Yes,Low,39.5,39.5,-12.5,0
820,1,20,5,6,65,9,60,Yes,Medium,65.5,13.1,5.5,1
821,1,18,9,4,67,7,80,Yes,High,87.1,9.677777777777775,7.099999999999994,2
822,0,19,9,4,88,9,49,No,Medium,99.0,11.0,50.0,2
823,0,20,4,8,92,9,92,Yes,Low,84.4,21.1,-7.599999999999994,1
824,1,17,3,8,62,1,94,No,High,75.2,25.066666666666663,-18.8,1
825,0,17,1,8,94,1,48,No,High,52.4,52.4,4.399999999999999,0
826,0,20,2,7,64,4,54,No,Medium,58.8,29.4,4.799999999999997,0
827,1,20,8,8,86,5,91,Yes,Medium,101.2,12.65,10.200000000000005,2
828,0,20,1,4,71,1,41,Yes,High,43.7,43.7,2.700000000000003,0
829,1,17,8,8,79,4,64,Yes,Medium,79.3,9.9125,15.299999999999995,1
830,0,17,7,5,79,6,52,Yes,Low,75.5,10.785714285714286,23.5,1
831,1,20,8,8,68,9,73,No,Medium,95.6,11.95,22.599999999999994,2
832,1,21,6,7,98,9,90,No,Medium,94.4,15.733333333333334,4.400000000000006,2
833,1,21,9,5,63,7,73,Yes,High,88.1,9.788888888888888,15.099999999999994,2
834,0,18,3,4,78,6,74,Yes,Medium,74.0,24.666666666666668,0.0,1
835,1,19,4,4,97,7,77,Yes,Medium,86.9,21.725,9.900000000000006,2
836,0,21,6,6,86,8,42,Yes,Medium,66.6,11.1,24.599999999999994,1
837,1,17,8,5,72,4,81,Yes,Low,101.0,12.625,20.0,2
838,1,21,5,6,72,4,45,Yes,Medium,70.6,14.12,25.599999999999994,1
839,0,18,3,5,81,9,94,Yes,Low,81.9,27.3,-12.099999999999994,1
840,1,18,6,5,87,3,87,No,Low,87.9,14.65,0.9000000000000057,2
841,1,19,4,7,81,8,88,No,Low,81.5,20.375,-6.5,1
842,0,21,9,6,78,4,58,No,Low,96.6,10.733333333333333,38.6,2
843,1,17,3,7,67,1,42,No,High,51.9,17.3,9.9,0
844,1,17,4,5,67,9,57,Yes,Low,57.9,14.475,0.8999999999999986,0
845,1,20,7,4,85,7,78,Yes,Medium,83.7,11.957142857142856,5.700000000000003,1
846,1,17,7,5,85,6,48,Yes,Low,69.7,9.957142857142856,21.700000000000003,1
847,0,19,4,7,82,7,91,Yes,Medium,88.0,22.0,-3.0,2
848,0,19,6,6,72,2,51,Yes,Low,66.0,11.0,15.0,1
849,1,17,3,6,87,3,44,No,High,60.7,20.23333333333333,16.700000000000003,1
850,0,17,6,7,68,4,42,Yes,Low,66.2,11.033333333333331,24.200000000000003,1
851,1,20,2,6,79,5,50,No,Low,47.7,23.85,-2.299999999999997,0
852,0,17,8,8,78,0,69,Yes,High,94.0,11.75,25.0,2
853,1,20,2,4,98,3,43,No,Low,62.6,31.3,19.6,1
854,1,20,7,4,71,9,44,Yes,Medium,63.9,9.128571428571428,19.9,1
855,1,17,9,4,74,4,40,No,Low,74.2,8.244444444444445,34.2,1
856,1,18,1,6,90,6,66,Yes,Low,54.4,54.4,-11.6,0
857,1,18,8,6,73,4,67,Yes,Low,87.7,10.9625,20.700000000000003,2
858,1,20,7,5,70,0,68,Yes,High,92.2,13.171428571428573,24.200000000000003,2
859,0,17,6,5,85,6,57,Yes,Low,74.3,12.383333333333333,17.299999999999997,1
860,1,18,6,4,86,7,51,No,Low,81.2,13.533333333333331,30.200000000000003,1
861,0,17,6,8,70,6,52,Yes,Medium,65.8,10.966666666666669,13.799999999999995,1
862,1,17,9,5,97,3,80,No,Low,107.1,11.9,27.099999999999994,2
863,0,17,2,5,93,7,41,Yes,Low,60.3,30.15,19.3,1
864,0,21,1,6,78,4,76,No,Low,63.8,63.8,-12.200000000000005,1
865,0,17,6,8,65,9,84,Yes,Low,92.1,15.35,8.099999999999994,2
866,1,21,8,4,97,8,55,Yes,Medium,96.1,12.0125,41.1,2
867,1,20,3,5,87,9,87,No,Medium,83.9,27.96666666666667,-3.0999999999999943,1
868,0,18,1,8,60,4,63,Yes,High,52.2,52.2,-10.799999999999995,0
869,1,18,9,8,94,0,74,Yes,Low,103.8,11.533333333333331,29.8,2
870,0,18,1,4,99,8,61,No,High,58.1,58.1,-2.8999999999999986,0
871,1,18,3,8,67,4,75,Yes,High,56.1,18.7,-18.9,0
872,0,18,8,8,66,5,50,No,Low,75.8,9.475,25.8,1
873,0,18,3,8,70,3,94,Yes,Medium,75.6,25.2,-18.40000000000001,1
874,1,18,4,5,98,5,85,No,Medium,75.4,18.85,-9.599999999999994,1
875,0,20,8,4,63,7,68,No,Low,90.1,11.2625,22.099999999999994,2
876,1,17,1,8,84,2,74,No,Low,49.8,49.8,-24.200000000000003,0
877,0,19,6,8,71,4,87,No,Medium,78.1,13.016666666666666,-8.900000000000006,1
878,0,21,1,5,85,1,93,Yes,Low,66.7,66.7,-26.3,1
879,1,19,1,4,97,1,54,Yes,Low,59.7,59.7,5.700000000000003,0
880,1,19,8,6,71,6,70,No,Low,84.3,10.5375,14.299999999999995,1
881,1,17,4,5,96,9,81,Yes,Medium,90.2,22.55,9.200000000000005,2
882,0,17,1,4,83,9,80,Yes,High,65.9,65.9,-14.099999999999994,1
883,1,17,7,8,75,9,82,Yes,High,86.3,12.328571428571427,4.299999999999997,2
884,0,18,5,4,72,5,55,No,Low,62.6,12.52,7.600000000000001,1
885,0,20,5,4,84,3,49,Yes,Medium,62.8,12.56,13.799999999999995,1
886,1,18,1,4,63,4,88,Yes,Low,66.1,66.1,-21.90000000000001,1
887,1,20,6,6,70,0,71,No,Medium,71.4,11.9,0.4000000000000057,1
888,0,20,9,4,91,6,90,Yes,Low,114.3,12.7,24.3,2
889,0,19,9,6,66,7,41,No,Medium,88.2,9.8,47.2,2
890,1,19,8,8,70,8,63,No,Medium,93.2,11.65,30.200000000000003,2
891,1,20,5,6,87,7,62,No,High,66.9,13.38,4.900000000000006,1
892,1,20,1,8,82,4,41,Yes,Low,48.0,48.0,7.0,0
893,1,18,9,8,82,2,77,Yes,High,104.4,11.6,27.40000000000001,2
894,1,18,1,6,87,9,70,No,High,53.1,53.1,-16.9,0
895,0,19,8,5,85,8,90,No,Medium,93.5,11.6875,3.5,2
896,0,17,5,7,84,5,79,No,Low,75.8,15.16,-3.200000000000003,1
897,0,20,3,4,88,4,65,No,Medium,61.4,20.466666666666665,-3.6000000000000014,1
898,0,18,7,7,78,2,68,No,Medium,79.6,11.37142857142857,11.599999999999994,1
899,1,19,7,4,92,5,42,No,Medium,71.4,10.2,29.40000000000001,1
900,1,18,9,4,95,2,53,Yes,Low,86.7,9.633333333333333,33.7,2
901,1,20,7,8,73,9,64,No,Low,91.5,13.071428571428571,27.5,2
902,0,20,3,4,73,5,87,No,Medium,78.7,26.23333333333333,-8.299999999999997,1
903,0,21,1,4,94,3,40,No,Low,58.2,58.2,18.200000000000003,0
904,1,17,8,6,89,1,92,Yes,Medium,96.5,12.0625,4.5,2
905,1,21,3,7,87,7,42,Yes,Low,47.9,15.966666666666669,5.899999999999999,0
906,0,19,8,6,76,3,93,Yes,Low,105.0,13.125,12.0,2
907,0,18,8,4,62,8,65,Yes,High,81.6,10.2,16.599999999999994,1
908,1,19,5,8,75,6,57,No,Medium,76.3,15.26,19.3,1
909,1,20,1,6,89,1,48,Yes,High,47.9,47.9,-0.1000000000000014,0
910,0,21,7,6,88,3,77,No,High,88.2,12.6,11.200000000000005,2
911,1,21,5,5,74,4,62,No,Medium,69.0,13.8,7.0,1
912,1,21,8,4,84,2,60,No,Medium,90.2,11.275,30.200000000000003,2
913,1,19,9,8,97,8,40,No,Low,95.1,10.566666666666666,55.1,2
914,0,20,7,6,97,4,60,No,Medium,89.1,12.728571428571428,29.099999999999994,2
915,0,18,7,6,82,1,66,No,High,94.0,13.428571428571429,28.0,2
916,0,18,1,8,84,2,81,Yes,High,61.6,61.6,-19.4,1
917,0,19,4,4,66,8,45,Yes,Medium,53.8,13.45,8.799999999999997,0
918,0,21,2,5,81,6,94,Yes,High,72.9,36.45,-21.099999999999994,1
919,0,17,2,6,76,1,83,Yes,Low,75.0,37.5,-8.0,1
920,0,19,2,5,77,8,75,Yes,High,57.1,28.55,-17.9,0
921,1,19,4,7,69,3,67,No,Low,72.5,18.125,5.5,1
922,1,20,1,4,69,8,84,Yes,High,57.3,57.3,-26.700000000000003,0
923,1,18,4,7,66,1,56,Yes,Low,58.2,14.55,2.200000000000003,0
924,1,19,2,7,97,9,79,Yes,Low,79.7,39.85,0.7000000000000028,1
925,1,19,5,7,86,3,91,No,Medium,90.2,18.04,-0.7999999999999972,2
926,1,21,3,4,92,4,42,No,Low,59.4,19.8,17.4,0
927,1,21,8,4,60,1,51,No,Medium,74.4,9.3,23.40000000000001,1
928,0,17,4,8,93,9,78,Yes,High,78.1,19.525,0.0999999999999943,1
929,0,20,1,5,63,0,51,Yes,High,42.3,42.3,-8.700000000000003,0
930,1,17,1,5,76,6,41,Yes,High,37.2,37.2,-3.799999999999997,0
931,1,21,3,8,63,9,85,Yes,Low,72.9,24.3,-12.099999999999994,1
932,0,18,9,8,85,0,61,Yes,High,93.9,10.433333333333334,32.900000000000006,2
933,1,21,7,7,63,7,62,No,High,86.7,12.385714285714286,24.700000000000003,2
934,1,20,2,8,60,2,69,Yes,Medium,61.6,30.8,-7.399999999999999,1
935,0,21,9,6,66,9,44,No,Medium,80.4,8.933333333333334,36.400000000000006,1
936,1,20,2,5,89,5,48,Yes,High,57.9,28.95,9.9,0
937,0,20,3,8,68,6,60,No,High,49.4,16.466666666666665,-10.6,0
938,1,20,2,6,94,9,50,No,Low,49.2,24.6,-0.7999999999999972,0
939,0,20,3,6,67,0,44,No,Low,54.7,18.23333333333333,10.700000000000005,0
940,0,20,6,6,83,5,74,No,High,82.5,13.75,8.5,1
941,0,18,9,6,78,6,66,Yes,Medium,90.8,10.088888888888889,24.8,2
942,1,17,9,7,95,5,88,Yes,High,113.7,12.633333333333333,25.700000000000003,2
943,0,19,7,6,86,3,41,Yes,Low,85.2,12.171428571428573,44.2,2
944,1,17,3,7,91,0,63,No,Medium,63.5,21.166666666666668,0.5,1
945,1,20,4,7,73,8,70,Yes,Medium,64.9,16.225,-5.099999999999994,1
946,1,18,6,6,77,3,72,Yes,Low,88.9,14.816666666666668,16.900000000000006,2
947,1,21,5,5,87,6,78,Yes,High,90.3,18.06,12.299999999999995,2
948,0,18,2,6,88,6,69,Yes,High,64.0,32.0,-5.0,1
949,0,20,6,6,75,1,85,No,High,87.5,14.583333333333334,2.5,2
950,1,18,3,6,94,0,76,No,Low,72.6,24.2,-3.4000000000000057,1
951,1,18,8,5,90,7,90,Yes,Medium,105.0,13.125,15.0,2
952,0,20,2,4,63,7,67,Yes,Low,56.7,28.35,-10.299999999999995,0
953,1,18,1,4,96,6,70,Yes,High,60.8,60.8,-9.200000000000005,1
954,0,19,9,7,76,7,50,No,Low,96.8,10.755555555555556,46.8,2
955,1,19,3,7,98,2,62,No,Medium,76.2,25.4,14.200000000000005,1
956,1,18,1,5,85,1,41,No,Low,39.9,39.9,-1.1000000000000014,0
957,0,21,7,8,98,6,79,Yes,High,90.0,12.857142857142858,11.0,2
958,1,20,5,4,63,7,80,No,Medium,69.9,13.98,-10.099999999999994,1
959,0,19,5,7,89,0,66,No,Low,79.1,15.82,13.099999999999994,1
960,1,21,1,4,89,9,74,No,Low,53.3,53.3,-20.700000000000003,0
961,1,18,9,5,81,8,41,No,Medium,82.7,9.18888888888889,41.7,1
962,1,21,7,5,70,3,78,No,Medium,78.2,11.171428571428573,0.2000000000000028,1
963,0,17,8,8,61,3,76,Yes,High,95.7,11.9625,19.700000000000003,2
964,1,19,9,8,71,2,60,Yes,Medium,88.3,9.81111111111111,28.3,2
965,1,18,6,5,89,5,44,Yes,High,76.3,12.716666666666669,32.3,1
966,1,20,5,7,95,0,91,Yes,Low,85.9,17.18,-5.099999999999994,2
967,1,18,6,4,77,5,84,No,High,85.7,14.283333333333331,1.7000000000000028,2
968,0,20,2,6,85,1,60,Yes,Low,57.5,28.75,-2.5,0
969,0,18,4,8,66,8,68,Yes,Medium,71.0,17.75,3.0,1
970,1,21,3,6,60,1,59,Yes,Low,50.6,16.866666666666667,-8.399999999999999,0
971,0,21,7,7,85,6,77,No,Medium,92.3,13.185714285714283,15.299999999999995,2
972,1,21,9,8,82,0,59,Yes,Low,83.2,9.244444444444444,24.200000000000003,1
973,1,17,5,6,85,6,89,No,Low,87.1,17.419999999999998,-1.9000000000000057,2
974,1,20,6,7,65,4,64,No,Low,70.1,11.683333333333332,6.099999999999994,1
975,0,21,2,4,65,7,41,No,Low,53.9,26.95,12.9,0
976,0,17,3,7,67,3,71,Yes,High,71.5,23.83333333333333,0.5,1
977,0,20,3,8,83,9,65,No,Low,70.9,23.633333333333336,5.900000000000006,1
978,0,18,9,5,81,6,45,Yes,High,95.3,10.588888888888889,50.3,2
979,0,17,7,4,78,5,80,Yes,Medium,82.4,11.771428571428572,2.4000000000000057,1
980,0,19,8,6,96,4,42,Yes,Medium,84.6,10.575,42.6,1
981,0,17,9,8,77,3,72,No,High,103.9,11.544444444444444,31.90000000000001,2
982,0,17,6,5,90,6,40,No,Medium,75.0,12.5,35.0,1
983,0,20,4,7,96,4,90,Yes,Medium,91.8,22.95,1.7999999999999972,2
984,1,18,1,5,89,4,44,No,Low,41.3,41.3,-2.700000000000003,0
985,0,19,8,8,92,0,52,No,Low,80.4,10.05,28.40000000000001,1
986,0,21,7,8,69,1,58,No,Low,79.9,11.414285714285716,21.90000000000001,1
987,0,21,2,5,96,4,51,Yes,High,68.2,34.1,17.200000000000003,1
988,0,17,8,7,71,2,87,No,High,92.1,11.5125,5.099999999999994,2
989,0,20,5,5,89,1,64,No,Medium,74.3,14.86,10.299999999999995,1
990,0,20,7,8,86,3,90,Yes,Low,94.8,13.542857142857144,4.799999999999997,2
991,0,21,4,8,98,3,74,No,High,82.0,20.5,8.0,1
992,0,19,5,6,68,3,51,Yes,High,59.8,11.96,8.799999999999997,0
993,0,18,8,6,80,3,69,No,Low,99.6,12.45,30.599999999999994,2
994,0,19,1,4,71,2,44,No,High,48.9,48.9,4.899999999999999,0
995,0,18,1,8,88,6,73,No,Low,61.6,61.6,-11.4,1
996,1,21,4,6,92,8,61,No,Medium,65.0,16.25,4.0,1
997,1,18,3,5,74,4,78,No,Medium,65.4,21.8,-12.599999999999994,1
998,0,20,2,7,61,3,52,No,Medium,45.1,22.55,-6.899999999999999,0
999,0,17,3,5,98,1,86,Yes,Low,82.8,27.6,-3.200000000000003,1
1000,1,17,1,7,77,1,93,No,High,60.3,60.3,-32.7,1
1001,0,21,1,6,62,4,42,No,Medium,34.4,34.4,-7.600000000000001,0
1002,1,20,6,4,66,6,92,No,Medium,89.6,14.933333333333332,-2.4000000000000057,2
1003,1,19,5,5,77,9,59,Yes,Medium,73.7,14.74,14.700000000000005,1
1004,1,20,8,5,97,9,70,Yes,High,96.1,12.0125,26.099999999999994,2
1005,1,17,2,5,96,8,44,Yes,High,63.4,31.7,19.4,1
1006,1,17,4,7,92,6,63,No,Low,65.8,16.45,2.799999999999997,1
1007,0,20,8,6,90,4,79,No,Medium,95.6,11.95,16.599999999999994,2
1008,1,20,6,5,70,9,93,Yes,High,88.2,14.7,-4.799999999999997,2
1009,0,17,1,5,63,9,72,Yes,Low,58.7,58.7,-13.299999999999995,0
1010,0,19,4,4,77,9,47,Yes,Medium,68.9,17.225,21.90000000000001,1
1011,1,21,1,4,63,5,63,No,High,49.1,49.1,-13.9,0
1012,1,21,2,6,93,2,89,Yes,High,78.5,39.25,-10.5,1
1013,0,20,5,6,88,4,59,No,Low,76.0,15.2,17.0,1
1014,1,21,8,8,83,7,55,No,Medium,88.9,11.1125,33.900000000000006,2
1015,1,17,8,4,81,0,89,No,Medium,104.9,13.1125,15.900000000000006,2
1016,0,17,3,8,61,0,91,Yes,High,59.7,19.9,-31.3,0
1017,0,20,4,7,65,6,51,No,Medium,64.9,16.225,13.900000000000006,1
1018,1,20,6,8,84,4,52,Yes,Low,80.0,13.333333333333334,28.0,1
1019,0,20,3,5,80,4,84,Yes,High,67.6,22.53333333333333,-16.400000000000006,1
1020,1,19,2,8,75,0,81,Yes,High,65.9,32.95,-15.099999999999994,1
1021,1,21,6,6,90,8,78,Yes,Low,85.2,14.2,7.200000000000003,2
1022,1,20,5,7,73,0,64,No,High,68.5,13.7,4.5,1
1023,0,18,5,5,98,4,85,No,Medium,79.4,15.88,-5.599999999999994,1
1024,0,18,5,8,87,9,71,No,Medium,80.5,16.1,9.5,1
1025,0,17,5,7,91,8,63,No,High,80.5,16.1,17.5,1
1026,0,21,3,7,87,3,87,Yes,Low,80.9,26.96666666666667,-6.099999999999994,1
1027,0,20,7,5,68,7,86,Yes,Low,89.8,12.828571428571427,3.799999999999997,2
1028,1,18,6,8,81,5,83,Yes,Medium,96.5,16.083333333333332,13.5,2
1029,1,21,4,7,91,2,48,Yes,Low,64.5,16.125,16.5,1
1030,1,17,2,7,64,3,79,No,High,59.8,29.9,-19.200000000000003,0
1031,1,19,9,4,82,1,89,Yes,High,111.2,12.355555555555556,22.200000000000003,2
1032,0,21,1,7,64,0,62,No,Medium,50.0,50.0,-12.0,0
1033,1,21,4,4,91,7,89,Yes,Medium,77.9,19.475,-11.099999999999994,1
1034,0,19,1,8,69,0,52,Yes,Medium,54.5,54.5,2.5,0
1035,1,21,6,8,98,0,71,Yes,Low,87.8,14.633333333333333,16.799999999999997,2
1036,0,17,4,8,74,3,89,Yes,High,75.8,18.95,-13.200000000000005,1
1037,0,17,5,6,66,9,54,No,High,61.4,12.28,7.399999999999999,1
1038,1,19,5,8,88,9,75,No,High,86.4,17.28,11.400000000000006,2
1039,1,20,9,7,62,5,88,No,Medium,107.8,11.977777777777778,19.8,2
1040,1,18,1,5,78,8,44,No,High,51.0,51.0,7.0,0
1041,1,20,2,4,69,0,61,Yes,Low,50.1,25.05,-10.9,0
1042,0,21,6,6,87,6,55,Yes,Low,72.1,12.016666666666666,17.099999999999994,1
1043,1,18,5,8,88,9,80,No,High,76.4,15.28,-3.5999999999999943,1
1044,1,19,7,8,74,4,49,No,Medium,67.8,9.685714285714283,18.8,1
1045,0,19,3,5,94,7,63,Yes,High,63.4,21.133333333333333,0.3999999999999986,1
1046,1,18,3,5,65,6,57,Yes,Low,55.3,18.433333333333334,-1.7000000000000028,0
1047,1,17,2,6,71,3,88,No,Low,72.5,36.25,-15.5,1
1048,1,18,3,4,97,3,57,No,Low,69.9,23.3,12.900000000000006,1
1049,1,21,1,8,72,5,46,No,High,41.0,41.0,-5.0,0
1050,1,17,5,6,88,5,43,Yes,Low,76.6,15.32,33.599999999999994,1
1051,0,19,5,7,78,8,65,No,Medium,64.4,12.88,-0.5999999999999943,1
1052,1,18,7,7,62,4,44,No,High,80.2,11.457142857142856,36.2,1
1053,1,20,4,6,67,7,94,No,High,81.7,20.425,-12.299999999999995,1
1054,1,20,3,8,67,4,55,No,Low,64.1,21.366666666666664,9.099999999999994,1
1055,1,21,1,6,79,1,74,No,Low,50.3,50.3,-23.700000000000003,0
1056,1,20,8,8,63,5,65,Yes,Medium,91.9,11.4875,26.90000000000001,2
1057,0,18,3,5,80,8,57,No,High,52.8,17.599999999999998,-4.200000000000003,0
1058,1,18,2,6,62,2,68,Yes,Low,54.8,27.4,-13.200000000000005,0
1059,0,20,4,8,67,0,62,No,Medium,64.9,16.225,2.9000000000000057,1
1060,0,18,3,6,82,0,92,No,Low,68.4,22.8,-23.599999999999994,1
1061,1,21,1,6,75,2,53,No,High,44.7,44.7,-8.299999999999997,0
1062,1,17,3,8,72,9,54,Yes,Low,55.2,18.4,1.2000000000000028,0
1063,1,21,2,8,62,4,88,Yes,High,71.8,35.9,-16.200000000000003,1
1064,1,21,8,4,68,2,72,Yes,Low,96.2,12.025,24.200000000000003,2
1065,0,18,6,6,73,8,64,No,High,79.5,13.25,15.5,1
1066,1,17,9,7,72,7,60,No,Medium,92.6,10.288888888888888,32.599999999999994,2
1067,1,18,8,6,66,2,56,Yes,High,90.2,11.275,34.2,2
1068,1,19,3,6,74,8,62,Yes,Medium,63.0,21.0,1.0,1
1069,1,18,5,8,66,5,82,No,High,83.6,16.72,1.5999999999999943,1
1070,1,18,7,6,97,6,56,Yes,Medium,87.5,12.5,31.5,2
1071,1,18,5,6,93,3,53,No,Low,76.1,15.22,23.099999999999994,1
1072,0,17,8,7,81,3,68,Yes,High,92.5,11.5625,24.5,2
1073,0,18,5,8,83,1,59,Yes,Low,81.5,16.3,22.5,1
1074,1,17,1,6,96,4,69,Yes,Medium,64.4,64.4,-4.599999999999994,1
1075,1,20,5,5,60,7,58,No,High,62.2,12.44,4.200000000000003,1
1076,1,19,4,4,69,6,92,No,High,79.5,19.875,-12.5,1
1077,0,17,6,7,75,6,78,Yes,Low,78.7,13.116666666666667,0.7000000000000028,1
1078,1,20,3,6,67,5,52,No,High,63.9,21.3,11.9,1
1079,0,17,5,5,84,2,57,No,High,81.0,16.2,24.0,1
1080,1,17,2,6,71,4,62,No,Low,49.1,24.55,-12.9,0
1081,1,19,6,6,84,0,85,No,High,97.2,16.2,12.200000000000005,2
1082,1,21,6,8,76,6,72,Yes,Low,79.6,13.266666666666666,7.599999999999994,1
1083,1,21,5,8,85,8,78,No,Low,86.7,17.34,8.700000000000003,2
1084,0,17,6,8,73,0,79,No,Low,76.5,12.75,-2.5,1
1085,0,18,7,5,95,1,57,Yes,Low,81.3,11.614285714285714,24.3,1
1086,1,20,5,6,82,2,48,No,Low,65.8,13.16,17.799999999999997,1
1087,1,18,1,4,65,2,72,No,Medium,58.3,58.3,-13.700000000000005,0
1088,0,18,8,7,64,7,71,No,Medium,81.6,10.2,10.599999999999994,1
1089,0,17,4,8,84,6,93,Yes,Low,81.4,20.35,-11.599999999999994,1
1090,0,17,9,8,77,5,56,Yes,Medium,92.5,10.27777777777778,36.5,2
1091,0,17,6,6,72,9,58,No,Medium,77.8,12.966666666666669,19.8,1
1092,1,17,1,6,73,9,66,No,High,49.3,49.3,-16.700000000000003,0
1093,0,21,3,5,87,3,45,Yes,Low,68.1,22.7,23.099999999999994,1
1094,1,17,3,5,77,8,74,Yes,Medium,62.7,20.9,-11.299999999999995,1
1095,0,21,4,8,87,0,76,Yes,High,72.5,18.125,-3.5,1
1096,0,21,6,6,86,1,73,No,High,79.0,13.166666666666666,6.0,1
1097,0,17,7,4,91,3,59,No,Low,92.9,13.271428571428572,33.900000000000006,2
1098,0,19,4,7,68,2,64,Yes,Low,67.0,16.75,3.0,1
1099,0,20,6,6,99,0,43,No,High,71.9,11.983333333333334,28.90000000000001,1
1100,1,18,1,6,91,4,49,No,Low,41.9,41.9,-7.100000000000001,0
1101,1,21,8,5,79,6,49,No,Low,76.3,9.5375,27.3,1
1102,0,20,7,7,87,1,63,No,High,94.3,13.471428571428572,31.3,2
1103,0,19,9,8,92,4,60,No,High,97.6,10.844444444444443,37.6,2
1104,1,18,3,6,63,5,50,No,Low,57.9,19.3,7.899999999999999,0
1105,0,18,2,8,93,6,66,No,Medium,56.3,28.15,-9.700000000000005,0
1106,0,21,1,6,62,0,55,Yes,Low,54.6,54.6,-0.3999999999999986,0
1107,1,17,3,8,85,6,65,Yes,Medium,63.5,21.166666666666668,-1.5,1
1108,0,19,5,7,67,3,69,Yes,High,72.7,14.54,3.700000000000003,1
1109,0,21,2,5,65,7,88,Yes,Medium,69.7,34.85,-18.3,1
1110,1,19,3,7,75,3,55,Yes,High,57.5,19.166666666666668,2.5,0
1111,1,17,4,4,83,5,46,Yes,Low,55.3,13.825,9.299999999999995,0
1112,1,17,7,5,98,8,55,Yes,Low,80.4,11.485714285714286,25.40000000000001,1
1113,0,21,3,7,89,4,74,Yes,High,80.3,26.766666666666666,6.299999999999997,1
1114,1,17,9,4,72,3,55,Yes,High,91.6,10.177777777777775,36.6,2
1115,1,20,8,6,64,7,79,No,High,94.8,11.85,15.799999999999995,2
1116,1,18,4,6,84,8,51,No,Low,60.6,15.15,9.6,1
1117,1,21,1,8,79,3,74,Yes,Low,51.3,51.3,-22.700000000000003,0
1118,1,19,1,5,77,2,88,No,Medium,60.3,60.3,-27.700000000000003,1
1119,1,20,1,6,77,7,60,No,High,60.1,60.1,0.1000000000000014,1
1120,0,21,1,5,61,4,89,Yes,Medium,52.9,52.9,-36.1,0
1121,0,17,8,6,69,1,82,Yes,Low,95.5,11.9375,13.5,2
1122,1,17,3,8,71,9,75,Yes,Medium,71.3,23.766666666666666,-3.700000000000003,1
1123,1,17,6,7,72,8,87,No,Medium,76.4,12.733333333333334,-10.599999999999994,1
1124,1,17,3,8,70,2,56,No,Low,60.4,20.133333333333333,4.399999999999999,1
1125,0,19,5,4,78,1,71,Yes,Low,76.8,15.36,5.799999999999997,1
1126,0,20,7,6,94,0,80,No,High,92.2,13.171428571428573,12.200000000000005,2
1127,0,18,2,4,98,7,45,No,Medium,54.4,27.2,9.4,0
1128,0,19,6,4,85,2,63,No,Low,83.7,13.95,20.700000000000003,1
1129,0,19,6,5,73,6,66,Yes,Low,80.3,13.383333333333333,14.299999999999995,1
1130,0,18,3,6,83,0,59,No,Medium,55.5,18.5,-3.5,0
1131,0,18,6,4,60,0,64,No,Low,66.6,11.1,2.5999999999999943,1
1132,0,17,5,7,81,8,41,No,High,74.7,14.94,33.7,1
1133,0,19,2,4,82,7,48,No,High,57.8,28.9,9.799999999999995,0
1134,1,21,9,7,78,2,67,No,Medium,99.2,11.022222222222222,32.2,2
1135,1,18,8,5,77,5,92,No,High,101.9,12.7375,9.900000000000006,2
1136,1,18,3,4,71,2,77,No,Low,65.1,21.7,-11.900000000000006,1
1137,1,20,8,8,87,3,42,Yes,Low,81.9,10.2375,39.900000000000006,1
1138,0,21,9,5,87,0,59,Yes,Low,95.7,10.633333333333333,36.7,2
1139,0,21,3,7,92,4,45,No,Low,63.6,21.2,18.6,1
1140,1,18,3,5,78,0,78,Yes,Medium,59.6,19.866666666666667,-18.4,0
1141,0,17,2,4,87,0,72,No,High,67.9,33.95,-4.099999999999994,1
1142,1,20,8,6,96,9,94,No,High,109.4,13.675,15.400000000000006,2
1143,0,21,1,6,85,6,40,No,Low,43.5,43.5,3.5,0
1144,1,18,8,7,94,5,76,Yes,Medium,103.6,12.95,27.599999999999994,2
1145,0,21,7,7,93,1,45,No,Low,83.9,11.985714285714286,38.900000000000006,1
1146,0,20,7,6,94,1,84,No,Low,86.8,12.4,2.799999999999997,2
1147,1,20,3,7,99,6,73,Yes,Medium,78.9,26.3,5.900000000000006,1
1148,0,19,1,5,75,0,86,Yes,Medium,68.9,68.9,-17.099999999999994,1
1149,1,18,4,8,97,1,54,No,Low,66.7,16.675,12.700000000000005,1
1150,1,20,9,8,72,7,84,Yes,High,104.2,11.577777777777778,20.200000000000003,2
1151,1,19,5,5,82,5,65,Yes,Low,81.6,16.32,16.599999999999994,1
1152,1,19,1,8,81,1,53,No,High,58.5,58.5,5.5,0
1153,0,21,5,4,75,6,93,No,High,86.7,17.34,-6.299999999999997,2
1154,0,21,8,5,87,3,46,No,Medium,82.5,10.3125,36.5,1
1155,0,19,8,7,94,1,85,Yes,Medium,106.2,13.275,21.200000000000003,2
1156,1,21,5,5,67,5,70,Yes,Low,65.1,13.02,-4.900000000000006,1
1157,0,20,9,6,81,8,63,Yes,High,84.5,9.38888888888889,21.5,1
1158,1,17,1,7,80,8,70,No,High,62.0,62.0,-8.0,1
1159,0,20,4,6,85,7,68,Yes,Low,69.7,17.425,1.7000000000000028,1
1160,0,19,3,7,99,2,81,Yes,Low,79.1,26.366666666666664,-1.9000000000000057,1
1161,0,19,2,8,80,2,71,No,Low,59.4,29.7,-11.6,0
1162,1,20,8,5,84,1,56,No,Medium,93.6,11.7,37.6,2
1163,0,21,7,4,60,4,53,No,Low,77.2,11.028571428571428,24.200000000000003,1
1164,0,21,9,7,65,3,79,Yes,Low,92.1,10.233333333333333,13.099999999999994,2
1165,1,19,2,7,82,6,75,No,High,68.6,34.3,-6.400000000000006,1
1166,0,18,4,6,82,3,87,Yes,Low,84.4,21.1,-2.5999999999999943,1
1167,1,21,6,8,82,8,63,Yes,High,87.8,14.633333333333333,24.8,2
1168,0,20,3,6,91,1,84,No,High,70.9,23.633333333333336,-13.099999999999994,1
1169,1,21,8,6,89,5,93,No,Medium,93.9,11.7375,0.9000000000000057,2
1170,1,20,3,8,72,6,66,No,Low,64.0,21.33333333333333,-2.0,1
1171,0,19,2,4,77,3,64,No,Low,65.7,32.85,1.7000000000000028,1
1172,1,21,3,6,82,5,71,No,High,73.0,24.33333333333333,2.0,1
1173,1,20,6,6,74,6,91,Yes,Medium,89.6,14.933333333333332,-1.4000000000000057,2
1174,1,19,2,7,92,3,57,Yes,Medium,69.4,34.7,12.400000000000006,1
1175,1,18,8,8,80,7,85,Yes,Low,100.0,12.5,15.0,2
1176,1,20,1,5,98,8,57,No,High,54.2,54.2,-2.799999999999997,0
1177,1,18,7,4,82,0,76,Yes,Low,80.0,11.428571428571429,4.0,1
1178,0,18,2,4,86,6,65,No,Low,57.8,28.9,-7.200000000000003,0
1179,1,17,6,8,77,8,48,No,Low,76.3,12.716666666666669,28.3,1
1180,1,21,2,7,83,9,74,Yes,Low,66.5,33.25,-7.5,1
1181,0,20,2,7,99,4,47,Yes,High,60.5,30.25,13.5,1
1182,0,18,8,8,66,1,59,No,Medium,81.4,10.175,22.40000000000001,1
1183,0,17,2,7,79,9,93,Yes,Low,74.9,37.45,-18.099999999999994,1
1184,0,19,7,4,86,5,81,No,Low,86.2,12.314285714285717,5.200000000000003,2
1185,0,20,3,4,65,6,61,Yes,Low,60.9,20.3,-0.1000000000000014,1
1186,0,18,8,5,86,1,58,Yes,Low,90.0,11.25,32.0,2
1187,0,21,7,8,68,1,69,Yes,Medium,77.0,11.0,8.0,1
1188,1,17,8,6,90,9,92,Yes,Medium,99.8,12.475,7.799999999999997,2
1189,1,18,7,6,80,9,67,Yes,Medium,82.8,11.828571428571427,15.799999999999995,1
1190,0,21,6,5,85,0,74,No,Medium,79.1,13.183333333333332,5.099999999999994,1
1191,1,18,7,5,99,3,82,Yes,Low,95.5,13.642857142857142,13.5,2
1192,1,20,5,7,72,6,50,Yes,High,69.6,13.919999999999998,19.599999999999994,1
1193,1,20,7,5,82,8,70,Yes,Medium,88.6,12.657142857142857,18.599999999999994,2
1194,0,20,1,5,79,2,88,No,Medium,56.9,56.9,-31.1,0
1195,0,17,1,6,96,6,87,No,Low,77.6,77.6,-9.400000000000006,1
1196,1,20,9,7,87,6,78,No,Low,99.3,11.033333333333331,21.3,2
1197,0,21,5,5,76,6,75,No,Low,83.8,16.759999999999998,8.799999999999997,1
1198,1,18,5,5,87,1,69,No,Low,75.7,15.14,6.700000000000003,1
1199,1,19,3,7,61,5,62,Yes,High,48.1,16.033333333333335,-13.9,0
1200,1,21,5,8,84,1,58,Yes,High,82.4,16.48,24.40000000000001,1
