Student_ID,Gender,Age,Study_Hours_per_Day,Sleep_Hours,Attendance_Percentage,Assignments_Completed,Previous_Exam_Score,Internet_Access,Family_Income_Level,Final_Exam_Score,Total_Score,Study_Efficiency
1,Male,21,7,6,79,9,77,No,Low,96.5,173.5,13.785714285714286
2,Female,18,6,4,62,1,84,Yes,Medium,91.2,175.2,15.200000000000001
3,Male,20,6,4,96,8,90,Yes,Medium,93.8,183.8,15.633333333333333
4,Male,18,5,4,99,5,73,Yes,High,84.9,157.9,16.98
5,Male,21,6,5,67,8,83,Yes,Medium,73.3,156.3,12.216666666666667
6,Female,21,9,5,99,5,54,Yes,High,95.3,149.3,10.588888888888889
7,Male,17,9,7,82,5,53,Yes,Low,88.8,141.8,9.866666666666667
8,Male,21,8,7,99,1,45,Yes,Medium,79.7,124.7,9.9625
9,Male,17,9,7,70,7,89,No,Low,109.6,198.6,12.177777777777777
10,Female,20,8,5,67,2,76,Yes,Low,88.5,164.5,11.0625
11,Male,18,8,5,88,6,89,No,Low,101.0,190.0,12.625
12,Male,18,1,7,89,4,71,No,Low,68.1,139.1,68.1
13,Male,17,5,7,69,2,42,No,Medium,67.5,109.5,13.5
14,Male,18,4,8,98,0,42,No,Low,73.2,115.2,18.3
15,Female,21,2,7,87,7,61,Yes,High,63.5,124.5,31.75
16,Male,19,8,8,95,2,61,No,Medium,84.9,145.9,10.6125
17,Female,17,3,6,72,1,49,No,Low,47.2,96.2,15.733333333333334
18,Female,18,4,5,91,0,90,No,Medium,73.3,163.3,18.325
19,Female,17,7,7,95,3,42,No,High,87.3,129.3,12.471428571428572
20,Male,17,9,5,96,7,51,No,Low,92.2,143.2,10.244444444444445
21,Female,19,2,5,85,2,68,Yes,High,64.7,132.7,32.35
22,Male,21,3,5,81,0,87,Yes,Low,65.1,152.1,21.7
23,Female,17,4,6,63,3,56,No,High,57.3,113.3,14.325
24,Female,18,1,4,90,8,46,Yes,Low,55.4,101.4,55.4
25,Female,20,7,7,77,0,52,Yes,Medium,86.9,138.9,12.414285714285715
26,Female,17,2,4,97,1,41,No,Low,59.5,100.5,29.75
27,Female,17,5,4,83,8,43,No,Medium,67.1,110.1,13.419999999999998
28,Female,19,1,4,82,1,49,No,Low,39.2,88.2,39.2
29,Female,21,3,5,81,2,78,Yes,Low,66.5,144.5,22.166666666666668
30,Female,20,2,8,61,6,63,No,High,62.5,125.5,31.25
31,Male,18,1,5,90,2,56,Yes,High,51.4,107.4,51.4
32,Male,20,7,5,70,8,91,Yes,High,91.4,182.4,13.057142857142859
33,Female,18,5,4,87,5,45,Yes,Low,63.1,108.1,12.620000000000001
34,Female,21,1,5,91,2,58,No,Low,53.5,111.5,53.5
35,Female,18,6,4,64,8,44,Yes,Low,56.8,100.8,9.466666666666667
36,Male,19,5,8,97,0,71,No,Medium,73.5,144.5,14.7
37,Female,19,3,7,69,9,49,No,Medium,63.3,112.3,21.099999999999998
38,Male,19,7,4,99,2,48,No,Low,86.9,134.9,12.414285714285715
39,Male,19,9,8,83,0,66,No,High,105.3,171.3,11.7
40,Male,20,9,7,94,1,52,No,High,93.0,145.0,10.333333333333334
41,Male,21,9,6,82,7,58,Yes,High,90.8,148.8,10.088888888888889
42,Male,18,2,4,76,6,60,Yes,Low,55.8,115.8,27.9
43,Female,18,3,4,60,1,63,Yes,High,53.2,116.2,17.733333333333334
44,Female,19,7,6,90,1,77,Yes,Low,98.8,175.8,14.114285714285714
45,Female,19,5,6,90,8,43,Yes,Medium,64.2,107.2,12.84
46,Female,17,2,4,93,5,63,No,High,56.1,119.1,28.05
47,Female,21,3,6,68,4,74,No,Medium,74.0,148.0,24.666666666666668
48,Male,20,6,5,81,9,42,Yes,High,63.1,105.1,10.516666666666667
49,Female,18,7,7,72,5,43,Yes,Low,81.8,124.8,11.685714285714285
50,Female,17,9,7,84,8,76,Yes,Low,107.6,183.6,11.955555555555556
51,Male,17,1,7,77,6,79,No,Low,52.7,131.7,52.7
52,Female,18,7,5,71,9,87,No,Low,88.1,175.1,12.585714285714285
53,Male,20,8,6,99,9,93,No,High,112.9,205.9,14.1125
54,Female,17,3,8,76,8,74,Yes,Medium,61.4,135.4,20.466666666666665
55,Male,17,4,6,74,3,70,Yes,Low,72.2,142.2,18.05
56,Female,21,6,4,74,1,83,Yes,High,75.4,158.4,12.566666666666668
57,Female,20,7,7,74,7,64,Yes,Medium,84.8,148.8,12.114285714285714
58,Male,17,4,6,98,3,79,No,Low,74.0,153.0,18.5
59,Male,20,8,8,72,8,52,Yes,Medium,85.4,137.4,10.675
60,Male,18,5,4,76,3,43,Yes,Low,57.0,100.0,11.4
61,Male,19,1,5,91,7,85,Yes,Medium,60.3,145.3,60.3
62,Male,17,4,5,68,8,53,No,Medium,57.6,110.6,14.4
63,Male,21,3,8,99,8,52,No,Low,55.5,107.5,18.5
64,Male,18,9,4,79,9,66,Yes,High,96.1,162.1,10.677777777777777
65,Male,20,8,7,85,3,45,No,Medium,83.5,128.5,10.4375
66,Female,18,1,6,86,0,56,No,Low,50.2,106.2,50.2
67,Female,17,6,4,80,2,75,No,Medium,79.0,154.0,13.166666666666666
68,Male,20,9,5,77,8,79,No,Medium,90.7,169.7,10.077777777777778
69,Female,19,7,8,72,3,88,No,High,99.8,187.8,14.257142857142856
70,Female,18,4,8,75,4,74,Yes,Medium,81.1,155.1,20.275
71,Female,17,1,6,68,6,56,Yes,Medium,56.8,112.8,56.8
72,Female,21,2,8,71,4,80,Yes,Low,66.3,146.3,33.15
73,Male,20,5,8,97,3,41,No,Low,60.5,101.5,12.1
74,Female,18,5,4,78,1,52,No,High,68.2,120.2,13.64
75,Male,18,8,7,66,1,91,No,Medium,101.2,192.2,12.65
76,Female,19,6,6,94,3,41,No,Medium,67.6,108.6,11.266666666666666
77,Female,19,8,4,77,9,91,Yes,Medium,99.5,190.5,12.4375
78,Female,21,2,7,75,9,67,Yes,High,64.3,131.3,32.15
79,Male,21,3,4,98,8,82,Yes,Medium,86.2,168.2,28.733333333333334
80,Female,17,6,4,63,7,65,Yes,Low,64.9,129.9,10.816666666666668
81,Male,17,3,8,84,2,61,Yes,High,69.6,130.6,23.2
82,Female,21,6,7,91,8,86,Yes,Low,99.7,185.7,16.616666666666667
83,Male,21,6,6,99,4,82,No,Low,90.5,172.5,15.083333333333334
84,Female,20,2,6,72,2,94,No,High,67.2,161.2,33.6
85,Male,19,7,7,76,4,42,Yes,Low,72.6,114.6,10.37142857142857
86,Male,17,2,8,96,9,74,No,Medium,74.4,148.4,37.2
87,Female,19,6,5,65,3,51,Yes,High,70.9,121.9,11.816666666666668
88,Male,19,1,4,78,7,63,Yes,Low,55.6,118.6,55.6
89,Female,21,3,8,72,4,44,No,Medium,51.2,95.2,17.066666666666666
90,Female,20,2,7,85,9,59,Yes,Medium,64.1,123.1,32.05
91,Female,18,7,4,73,7,78,Yes,Low,95.1,173.1,13.585714285714285
92,Female,20,4,6,90,8,78,Yes,Medium,68.2,146.2,17.05
93,Female,20,8,5,63,3,52,No,High,69.7,121.7,8.7125
94,Female,19,6,6,98,6,80,No,Low,92.4,172.4,15.4
95,Female,20,4,7,67,1,92,No,Medium,71.9,163.9,17.975
96,Female,17,5,4,84,5,84,No,Medium,81.8,165.8,16.36
97,Female,19,9,7,72,7,51,Yes,Low,81.0,132.0,9.0
98,Female,17,7,4,91,6,52,No,Low,88.1,140.1,12.585714285714285
99,Female,18,9,8,97,6,49,No,Low,100.7,149.7,11.18888888888889
100,Male,19,7,5,97,7,72,No,Low,98.9,170.9,14.12857142857143
101,Male,18,1,8,87,6,79,Yes,High,69.7,148.7,69.7
102,Female,19,8,8,89,4,93,No,Low,93.9,186.9,11.7375
103,Female,21,4,7,62,6,55,No,High,68.6,123.6,17.15
104,Female,20,3,5,87,9,84,Yes,High,71.7,155.7,23.900000000000002
105,Female,21,7,4,62,2,74,Yes,Low,75.2,149.2,10.742857142857144
106,Female,18,3,4,93,4,42,Yes,High,53.7,95.7,17.900000000000002
107,Female,20,8,6,75,6,44,Yes,Low,77.1,121.1,9.6375
108,Female,19,6,4,81,8,65,No,Low,88.3,153.3,14.716666666666667
109,Female,20,5,7,91,1,50,Yes,Medium,79.3,129.3,15.86
110,Male,17,4,8,97,3,46,No,Low,74.5,120.5,18.625
111,Female,20,8,8,67,6,92,No,Medium,86.9,178.9,10.8625
112,Male,17,8,8,67,0,49,No,High,83.7,132.7,10.4625
113,Female,20,1,5,65,1,81,No,Medium,63.9,144.9,63.9
114,Female,17,9,4,73,8,91,No,High,99.3,190.3,11.033333333333333
115,Male,18,5,7,91,9,73,Yes,Low,86.5,159.5,17.3
116,Female,21,4,5,94,6,42,No,High,70.0,112.0,17.5
117,Male,19,6,6,69,9,47,No,High,73.5,120.5,12.25
118,Female,20,6,7,62,6,70,No,Low,71.6,141.6,11.933333333333332
119,Female,21,2,7,71,5,50,Yes,High,49.3,99.3,24.65
120,Male,19,8,7,90,2,84,No,Low,96.6,180.6,12.075
121,Female,19,7,8,88,9,46,No,Medium,82.8,128.8,11.828571428571427
122,Male,17,1,7,64,2,84,Yes,Low,57.8,141.8,57.8
123,Female,18,5,4,84,1,41,No,Low,71.6,112.6,14.319999999999999
124,Male,18,6,7,90,5,45,No,High,70.0,115.0,11.666666666666666
125,Male,21,4,8,80,3,80,Yes,Medium,81.0,161.0,20.25
126,Female,18,2,7,79,4,71,No,Low,71.1,142.1,35.55
127,Female,20,4,6,98,2,59,No,Medium,78.0,137.0,19.5
128,Male,18,1,6,81,5,73,No,Medium,59.5,132.5,59.5
129,Female,21,7,8,63,2,89,No,High,95.5,184.5,13.642857142857142
130,Female,18,2,4,72,7,55,No,Low,47.6,102.6,23.8
131,Female,20,2,4,79,8,64,Yes,High,61.3,125.3,30.65
132,Male,17,9,5,72,3,51,Yes,Low,84.0,135.0,9.333333333333334
133,Male,21,5,8,76,8,46,Yes,Medium,60.2,106.2,12.040000000000001
134,Male,17,2,7,95,6,78,No,Low,70.7,148.7,35.35
135,Male,17,9,8,92,2,56,No,Low,93.0,149.0,10.333333333333334
136,Male,17,9,5,60,6,84,No,Medium,88.6,172.6,9.844444444444443
137,Male,19,1,8,74,0,50,Yes,Medium,39.2,89.2,39.2
138,Male,19,3,8,72,2,45,No,Low,44.6,89.6,14.866666666666667
139,Male,17,4,5,76,5,62,No,High,74.6,136.6,18.65
140,Male,21,7,4,83,3,66,No,Low,87.3,153.3,12.471428571428572
141,Female,20,4,7,67,6,85,Yes,Medium,72.1,157.1,18.025
142,Male,20,2,5,86,2,45,Yes,High,51.8,96.8,25.9
143,Female,18,7,6,82,0,77,No,Medium,97.4,174.4,13.914285714285715
144,Female,21,6,4,67,8,41,No,Medium,73.5,114.5,12.25
145,Female,19,3,6,67,5,61,No,High,55.5,116.5,18.5
146,Male,17,6,4,85,7,59,Yes,Medium,72.1,131.1,12.016666666666666
147,Male,18,6,7,72,2,64,Yes,Medium,79.2,143.2,13.200000000000001
148,Male,20,5,7,98,7,54,Yes,Medium,82.0,136.0,16.4
149,Male,19,4,8,96,1,88,No,Medium,75.0,163.0,18.75
150,Female,19,1,6,87,3,68,Yes,Medium,61.3,129.3,61.3
151,Male,17,6,4,84,2,47,No,Medium,66.0,113.0,11.0
152,Male,20,2,7,75,9,76,No,Medium,56.9,132.9,28.45
153,Male,21,3,5,61,0,88,Yes,Medium,71.5,159.5,23.833333333333332
154,Male,19,8,7,77,6,91,No,Medium,91.5,182.5,11.4375
155,Male,17,6,5,76,9,72,Yes,Low,77.6,149.6,12.933333333333332
156,Female,21,3,4,89,1,61,No,Low,73.1,134.1,24.366666666666664
157,Male,20,7,7,98,3,89,No,Medium,102.0,191.0,14.571428571428571
158,Female,19,4,7,72,8,86,Yes,Low,75.0,161.0,18.75
159,Male,21,9,4,91,5,44,No,High,91.9,135.9,10.211111111111112
160,Female,21,5,7,88,7,78,No,Low,87.6,165.6,17.52
161,Male,21,3,5,89,1,57,No,Medium,62.5,119.5,20.833333333333332
162,Male,19,2,7,77,6,77,No,Medium,54.9,131.9,27.45
163,Female,19,2,6,72,5,93,No,Low,62.8,155.8,31.4
164,Female,18,3,8,80,8,92,No,Medium,81.8,173.8,27.266666666666666
165,Female,20,2,5,89,6,76,No,High,60.1,136.1,30.05
166,Male,17,4,6,80,0,69,No,High,77.6,146.6,19.4
167,Female,21,2,4,76,7,90,Yes,Medium,66.8,156.8,33.4
168,Male,18,9,5,99,9,70,Yes,High,111.7,181.7,12.411111111111111
169,Male,17,2,8,78,2,49,No,High,44.0,93.0,22.0
170,Female,18,9,8,74,1,54,No,Low,95.8,149.8,10.644444444444444
171,Female,19,6,4,68,2,81,Yes,High,82.8,163.8,13.799999999999999
172,Male,21,1,4,69,5,87,No,Low,62.5,149.5,62.5
173,Male,17,4,5,90,2,83,Yes,Medium,77.2,160.2,19.3
174,Female,17,1,7,82,9,57,Yes,Low,42.4,99.4,42.4
175,Female,17,6,4,89,4,62,Yes,Medium,87.5,149.5,14.583333333333334
176,Female,17,4,7,92,5,72,No,Medium,77.4,149.4,19.35
177,Male,17,3,6,68,7,55,No,Medium,50.4,105.4,16.8
178,Male,18,3,8,60,6,93,No,Medium,72.2,165.2,24.066666666666666
179,Male,21,9,7,94,7,77,Yes,Medium,102.0,179.0,11.333333333333334
180,Male,19,6,8,70,2,74,Yes,Low,76.6,150.6,12.766666666666666
181,Male,19,9,7,93,3,73,Yes,Medium,96.1,169.1,10.677777777777777
182,Male,19,5,6,75,5,67,No,High,68.3,135.3,13.66
183,Female,19,2,4,68,6,41,Yes,High,52.8,93.8,26.4
184,Male,18,8,6,91,8,69,Yes,Medium,92.9,161.9,11.6125
185,Male,20,5,4,74,0,52,No,High,63.0,115.0,12.6
186,Male,21,2,4,71,7,80,Yes,Low,71.3,151.3,35.65
187,Female,17,4,8,92,7,55,Yes,Low,74.6,129.6,18.65
188,Male,20,9,6,73,5,44,No,Medium,75.5,119.5,8.38888888888889
189,Male,19,4,7,67,3,94,No,Medium,76.7,170.7,19.175
190,Female,20,4,6,67,2,67,Yes,Medium,71.9,138.9,17.975
191,Male,21,2,8,86,2,92,No,High,66.6,158.6,33.3
192,Male,17,6,4,71,5,78,Yes,High,86.5,164.5,14.416666666666666
193,Male,17,2,8,60,7,84,No,Low,63.6,147.6,31.8
194,Male,21,7,5,99,6,59,Yes,High,90.3,149.3,12.9
195,Male,21,3,5,70,0,63,No,Low,63.2,126.2,21.066666666666666
196,Female,19,3,7,98,5,66,Yes,High,74.8,140.8,24.933333333333334
197,Female,17,5,8,90,6,69,No,Low,82.6,151.6,16.52
198,Female,20,3,7,76,6,84,No,Medium,68.4,152.4,22.8
199,Male,18,2,7,92,8,66,No,High,64.0,130.0,32.0
200,Male,18,9,5,91,9,65,No,Low,105.3,170.3,11.7
201,Male,21,2,7,88,4,46,No,High,47.8,93.8,23.9
202,Female,19,2,5,80,0,81,No,Medium,65.4,146.4,32.7
203,Male,18,8,4,80,1,86,No,Low,88.4,174.4,11.05
204,Male,17,9,8,99,3,92,Yes,High,105.5,197.5,11.722222222222221
205,Female,21,7,7,82,4,77,Yes,High,92.4,169.4,13.200000000000001
206,Male,20,3,5,65,8,44,No,Medium,42.1,86.1,14.033333333333333
207,Female,21,9,6,81,0,62,No,Medium,91.1,153.1,10.122222222222222
208,Female,20,3,7,97,2,67,Yes,Low,62.9,129.9,20.966666666666665
209,Female,21,5,4,96,4,73,Yes,High,75.0,148.0,15.0
210,Male,21,9,4,67,2,92,No,High,97.9,189.9,10.877777777777778
211,Male,21,3,6,94,3,54,Yes,Medium,57.8,111.8,19.266666666666666
212,Male,20,7,5,70,2,71,Yes,Medium,76.4,147.4,10.914285714285715
213,Male,20,1,7,83,3,65,No,Low,59.9,124.9,59.9
214,Male,21,4,5,80,0,87,No,High,75.8,162.8,18.95
215,Male,18,4,4,61,7,70,No,High,58.3,128.3,14.575
216,Male,19,7,5,99,3,58,Yes,Low,83.9,141.9,11.985714285714286
217,Female,19,8,4,78,6,48,No,Low,89.6,137.6,11.2
218,Male,19,1,5,98,1,68,No,Medium,61.6,129.6,61.6
219,Female,20,5,6,87,1,93,Yes,Medium,88.3,181.3,17.66
220,Male,20,7,8,76,5,90,No,Low,99.8,189.8,14.257142857142856
221,Male,18,4,6,65,1,78,Yes,Low,65.7,143.7,16.425
222,Male,19,4,6,78,5,43,Yes,High,57.6,100.6,14.4
223,Female,19,4,8,97,1,42,Yes,Low,55.9,97.9,13.975
224,Female,21,6,8,87,3,68,Yes,Low,82.3,150.3,13.716666666666667
225,Female,20,7,7,61,6,91,Yes,High,97.7,188.7,13.957142857142857
226,Female,19,2,7,97,7,50,Yes,Low,51.1,101.1,25.55
227,Male,18,5,6,96,2,72,No,Medium,75.6,147.6,15.12
228,Female,18,4,6,63,8,77,No,Medium,69.7,146.7,17.425
229,Male,19,3,4,81,1,50,No,High,63.3,113.3,21.099999999999998
230,Male,20,7,4,85,7,66,Yes,Low,76.9,142.9,10.985714285714286
231,Female,18,6,7,95,7,72,No,Medium,85.3,157.3,14.216666666666667
232,Female,21,7,7,72,3,60,Yes,Medium,80.6,140.6,11.514285714285714
233,Female,18,5,4,91,0,78,No,Medium,91.5,169.5,18.3
234,Female,17,6,4,76,0,70,Yes,Medium,82.8,152.8,13.799999999999999
235,Female,17,5,5,95,1,77,No,Low,89.3,166.3,17.86
236,Female,20,7,5,78,8,85,Yes,Low,85.4,170.4,12.200000000000001
237,Female,19,2,4,94,1,41,No,Low,44.6,85.6,22.3
238,Female,20,5,5,99,1,66,Yes,Low,90.1,156.1,18.02
239,Male,20,6,8,87,5,75,No,Medium,88.1,163.1,14.683333333333332
240,Female,20,6,7,60,6,50,Yes,High,58.0,108.0,9.666666666666666
241,Female,20,5,7,77,6,86,No,High,76.5,162.5,15.3
242,Male,21,7,4,99,8,57,No,Medium,81.5,138.5,11.642857142857142
243,Female,21,8,6,92,5,40,No,Medium,86.6,126.6,10.825
244,Male,18,7,4,71,7,74,Yes,High,88.9,162.9,12.700000000000001
245,Male,17,5,5,67,5,74,Yes,High,71.7,145.7,14.34
246,Female,20,1,6,83,1,70,Yes,Medium,50.9,120.9,50.9
247,Male,18,5,5,75,0,67,Yes,Medium,70.3,137.3,14.059999999999999
248,Male,17,2,8,63,4,78,Yes,Low,69.1,147.1,34.55
249,Male,19,5,5,97,8,40,No,Low,78.1,118.1,15.62
250,Male,21,5,8,86,7,64,Yes,High,80.4,144.4,16.080000000000002
251,Female,17,2,8,68,3,82,No,Medium,56.2,138.2,28.1
252,Male,19,5,5,75,4,77,No,High,86.3,163.3,17.259999999999998
253,Female,17,4,5,71,4,59,Yes,Low,62.9,121.9,15.725
254,Male,21,1,8,90,5,42,No,Low,50.8,92.8,50.8
255,Male,21,3,6,83,2,90,Yes,High,78.9,168.9,26.3
256,Male,18,1,8,73,4,41,Yes,Low,46.3,87.3,46.3
257,Male,20,5,7,84,1,57,Yes,Medium,72.0,129.0,14.4
258,Female,17,4,8,93,9,83,No,High,86.1,169.1,21.525
259,Female,17,7,6,62,0,49,Yes,Medium,67.2,116.2,9.6
260,Male,19,5,7,83,0,44,Yes,Medium,62.5,106.5,12.5
261,Male,21,4,4,68,9,48,Yes,Low,50.6,98.6,12.65
262,Female,17,2,4,85,6,41,No,Medium,53.9,94.9,26.95
263,Male,21,4,6,79,1,73,Yes,High,74.9,147.9,18.725
264,Male,17,2,8,99,3,77,No,Medium,78.5,155.5,39.25
265,Male,18,8,5,69,4,70,No,Medium,95.7,165.7,11.9625
266,Female,20,3,6,78,6,49,Yes,Medium,66.0,115.0,22.0
267,Female,17,9,7,62,1,89,No,Medium,89.2,178.2,9.911111111111111
268,Female,21,4,7,83,5,51,No,Medium,62.3,113.3,15.575
269,Male,18,6,4,64,0,75,Yes,Low,84.2,159.2,14.033333333333333
270,Male,17,5,7,62,6,93,Yes,High,71.8,164.8,14.36
271,Female,19,1,6,86,8,60,Yes,Low,51.8,111.8,51.8
272,Female,20,9,7,75,4,88,No,High,97.7,185.7,10.855555555555556
273,Female,17,1,6,74,4,86,Yes,High,66.6,152.6,66.6
274,Female,18,8,5,94,3,45,No,High,86.2,131.2,10.775
275,Male,19,9,4,71,2,87,No,High,107.1,194.1,11.899999999999999
276,Female,18,9,7,85,8,88,No,High,113.7,201.7,12.633333333333333
277,Male,18,1,6,93,4,42,No,Medium,49.7,91.7,49.7
278,Female,19,2,8,82,7,49,No,Low,51.2,100.2,25.6
279,Male,18,1,4,90,8,44,Yes,Low,42.6,86.6,42.6
280,Female,19,2,5,79,4,85,Yes,Medium,67.7,152.7,33.85
281,Female,17,8,6,71,9,65,No,High,84.3,149.3,10.5375
282,Female,19,5,5,82,8,60,No,Low,71.6,131.6,14.319999999999999
283,Female,19,7,5,63,1,84,Yes,Medium,78.5,162.5,11.214285714285714
284,Male,20,2,7,82,8,65,Yes,Medium,65.6,130.6,32.8
285,Female,19,8,7,60,3,77,No,Low,83.8,160.8,10.475
286,Male,19,6,6,84,5,83,No,Low,96.4,179.4,16.066666666666666
287,Male,17,8,8,61,5,65,Yes,High,81.3,146.3,10.1625
288,Male,20,1,6,89,5,47,Yes,High,53.5,100.5,53.5
289,Male,21,1,8,62,1,44,No,Low,46.2,90.2,46.2
290,Female,17,7,5,80,6,54,Yes,High,81.6,135.6,11.657142857142857
291,Male,17,8,4,84,5,55,Yes,Medium,81.2,136.2,10.15
292,Male,21,3,6,79,0,40,No,High,62.7,102.7,20.900000000000002
293,Male,19,5,6,81,1,55,No,High,78.3,133.3,15.66
294,Female,18,1,8,80,6,76,No,Medium,57.4,133.4,57.4
295,Female,20,7,5,92,0,42,Yes,High,70.4,112.4,10.057142857142859
296,Female,18,5,5,97,0,91,No,Medium,99.5,190.5,19.9
297,Female,21,8,8,74,0,86,Yes,High,97.6,183.6,12.2
298,Male,17,8,5,74,7,70,No,Low,81.2,151.2,10.15
299,Male,17,9,7,84,3,52,No,High,90.0,142.0,10.0
300,Female,20,7,4,80,3,55,Yes,Low,71.0,126.0,10.142857142857142
301,Male,17,1,6,83,1,94,Yes,Low,60.5,154.5,60.5
302,Male,17,3,4,64,0,82,No,Low,68.0,150.0,22.666666666666668
303,Male,20,8,6,65,9,60,No,Low,81.5,141.5,10.1875
304,Female,20,3,7,82,8,41,Yes,Low,49.0,90.0,16.333333333333332
305,Female,21,8,5,63,6,93,No,Medium,94.1,187.1,11.7625
306,Male,17,1,8,86,3,66,Yes,Medium,52.2,118.2,52.2
307,Female,17,5,7,77,5,77,Yes,Medium,68.9,145.9,13.780000000000001
308,Female,21,4,4,80,1,65,No,Low,69.0,134.0,17.25
309,Female,19,5,8,87,6,77,Yes,High,84.9,161.9,16.98
310,Female,19,8,5,94,1,85,Yes,Medium,109.2,194.2,13.65
311,Female,19,4,7,81,9,64,Yes,High,64.9,128.9,16.225
312,Male,21,4,8,99,7,50,No,High,76.7,126.7,19.175
313,Female,17,3,7,82,7,47,Yes,Low,67.4,114.4,22.46666666666667
314,Male,21,7,7,62,0,47,No,Low,77.4,124.4,11.057142857142859
315,Male,21,3,5,99,7,72,No,Low,77.5,149.5,25.833333333333332
316,Female,19,3,6,69,1,92,No,Medium,77.5,169.5,25.833333333333332
317,Male,18,5,8,84,5,46,Yes,Low,65.6,111.6,13.12
318,Male,17,5,5,67,0,77,Yes,Medium,77.9,154.9,15.580000000000002
319,Male,19,6,7,70,4,60,No,Medium,75.0,135.0,12.5
320,Female,18,8,5,64,6,47,No,Medium,74.0,121.0,9.25
321,Female,18,6,6,96,9,90,Yes,Medium,100.8,190.8,16.8
322,Male,20,1,8,97,0,93,No,Low,78.3,171.3,78.3
323,Female,17,8,6,88,1,60,No,Medium,98.4,158.4,12.3
324,Female,18,8,4,64,6,59,Yes,Low,84.8,143.8,10.6
325,Female,19,9,8,68,5,47,No,Low,88.2,135.2,9.8
326,Female,20,9,6,61,2,85,Yes,Medium,87.3,172.3,9.7
327,Male,17,2,7,60,9,70,Yes,Low,61.0,131.0,30.5
328,Male,21,2,8,99,1,89,No,High,69.3,158.3,34.65
329,Female,19,3,8,89,9,68,Yes,Low,60.9,128.9,20.3
330,Female,18,1,5,70,3,87,Yes,Low,59.8,146.8,59.8
331,Male,18,4,7,87,2,48,Yes,Medium,73.3,121.3,18.325
332,Male,19,4,4,71,6,54,No,Medium,56.9,110.9,14.225
333,Female,18,9,6,98,7,69,No,Low,98.0,167.0,10.88888888888889
334,Male,20,9,5,85,1,65,No,Medium,99.5,164.5,11.055555555555555
335,Female,17,9,6,72,9,49,Yes,High,78.2,127.2,8.68888888888889
336,Female,20,7,4,67,6,68,Yes,High,84.3,152.3,12.042857142857143
337,Male,18,2,4,87,7,93,No,Medium,75.3,168.3,37.65
338,Male,21,5,8,89,5,55,No,Low,72.7,127.7,14.540000000000001
339,Female,17,4,4,68,5,75,Yes,High,61.4,136.4,15.35
340,Female,17,8,6,98,9,59,No,High,88.0,147.0,11.0
341,Male,19,2,7,90,0,84,No,Low,67.6,151.6,33.8
342,Female,19,6,7,80,3,93,No,Medium,84.2,177.2,14.033333333333333
343,Male,21,5,8,93,0,76,No,High,84.3,160.3,16.86
344,Female,17,2,6,90,3,61,No,Low,65.4,126.4,32.7
345,Male,21,1,6,84,1,46,Yes,Low,45.6,91.6,45.6
346,Male,19,8,4,71,4,62,No,High,82.1,144.1,10.2625
347,Male,19,2,6,60,9,80,No,Medium,63.0,143.0,31.5
348,Female,17,7,5,81,8,79,Yes,High,98.9,177.9,14.12857142857143
349,Female,20,9,4,99,9,68,Yes,Low,104.9,172.9,11.655555555555557
350,Male,18,9,5,96,2,55,Yes,High,97.8,152.8,10.866666666666667
351,Female,19,8,8,60,7,77,Yes,Medium,78.8,155.8,9.85
352,Male,19,9,7,60,2,67,No,Low,97.8,164.8,10.866666666666667
353,Male,20,2,8,80,5,87,No,Medium,58.8,145.8,29.4
354,Female,20,6,7,74,3,77,No,High,76.0,153.0,12.666666666666666
355,Female,21,4,8,76,7,70,No,High,69.8,139.8,17.45
356,Male,21,4,6,81,5,53,Yes,Medium,57.5,110.5,14.375
357,Female,18,5,5,97,7,92,Yes,High,99.9,191.9,19.98
358,Female,18,3,7,94,0,72,No,Medium,70.0,142.0,23.333333333333332
359,Male,17,1,4,75,5,48,No,High,38.7,86.7,38.7
360,Male,21,8,5,67,0,66,No,Medium,81.5,147.5,10.1875
361,Female,19,5,4,76,0,63,No,Medium,68.0,131.0,13.6
362,Male,21,3,5,76,7,52,Yes,Low,59.6,111.6,19.866666666666667
363,Male,19,7,5,85,6,65,No,Low,76.5,141.5,10.928571428571429
364,Female,20,7,8,72,2,68,Yes,Medium,88.8,156.8,12.685714285714285
365,Male,21,1,7,76,5,90,Yes,High,57.8,147.8,57.8
366,Male,20,9,7,97,8,88,Yes,High,107.3,195.3,11.922222222222222
367,Female,18,2,5,76,6,82,Yes,High,64.6,146.6,32.3
368,Female,18,5,6,73,2,67,No,Medium,75.7,142.7,15.14
369,Male,17,5,6,65,5,67,No,Medium,75.3,142.3,15.059999999999999
370,Male,21,8,4,94,3,47,No,Medium,88.0,135.0,11.0
371,Female,20,8,4,73,2,62,No,Medium,80.7,142.7,10.0875
372,Female,19,7,8,67,8,68,Yes,Low,76.3,144.3,10.9
373,Female,18,7,5,74,9,44,Yes,Medium,81.8,125.8,11.685714285714285
374,Female,18,6,4,86,1,81,Yes,High,89.2,170.2,14.866666666666667
375,Male,19,6,4,72,0,46,No,Low,62.0,108.0,10.333333333333334
376,Female,20,9,5,90,1,81,Yes,High,100.4,181.4,11.155555555555557
377,Female,20,6,8,94,6,75,Yes,Medium,94.2,169.2,15.700000000000001
378,Male,21,2,4,65,9,80,Yes,Low,69.5,149.5,34.75
379,Female,21,2,8,64,0,66,Yes,Medium,62.6,128.6,31.3
380,Male,17,5,7,81,5,85,No,Low,73.3,158.3,14.66
381,Female,18,4,8,82,6,41,Yes,High,55.0,96.0,13.75
382,Female,21,2,6,84,8,64,Yes,Medium,51.8,115.8,25.9
383,Female,20,3,6,93,7,48,No,Medium,52.1,100.1,17.366666666666667
384,Male,19,7,8,85,5,92,No,Low,93.3,185.3,13.328571428571427
385,Male,20,8,6,64,2,66,No,Low,85.6,151.6,10.7
386,Female,18,6,7,85,7,40,Yes,Medium,71.5,111.5,11.916666666666666
387,Male,20,5,5,79,6,62,Yes,Low,80.5,142.5,16.1
388,Male,17,1,6,65,2,49,Yes,Medium,50.1,99.1,50.1
389,Male,18,8,6,65,8,81,Yes,Low,82.9,163.9,10.3625
390,Male,19,3,8,77,1,91,No,High,70.5,161.5,23.5
391,Male,17,6,7,63,2,64,Yes,Low,70.5,134.5,11.75
392,Male,18,3,5,76,1,93,Yes,High,74.0,167.0,24.666666666666668
393,Female,19,7,8,73,0,42,No,Low,65.7,107.7,9.385714285714286
394,Female,17,7,8,73,3,45,No,Low,75.9,120.9,10.842857142857143
395,Male,17,9,7,72,4,45,No,Medium,76.6,121.6,8.511111111111111
396,Female,18,5,5,66,5,92,Yes,Low,81.6,173.6,16.32
397,Female,21,8,7,74,4,41,Yes,Low,79.6,120.6,9.95
398,Female,17,8,5,78,0,57,Yes,High,79.2,136.2,9.9
399,Female,17,1,7,94,2,62,Yes,Low,63.0,125.0,63.0
400,Male,19,5,8,76,0,41,Yes,Medium,73.2,114.2,14.64
401,Female,20,3,8,94,4,51,No,High,70.6,121.6,23.53333333333333
402,Female,18,1,4,78,4,61,No,Medium,45.8,106.8,45.8
403,Male,18,4,6,79,5,76,Yes,Medium,69.1,145.1,17.275
404,Male,21,8,7,95,7,59,Yes,Medium,96.1,155.1,12.0125
405,Female,21,3,4,94,9,78,Yes,Medium,64.4,142.4,21.46666666666667
406,Female,18,2,6,91,0,63,Yes,High,54.5,117.5,27.25
407,Female,21,9,7,99,3,87,Yes,Low,103.5,190.5,11.5
408,Female,19,5,5,83,9,59,No,Medium,79.5,138.5,15.9
409,Female,18,7,6,76,0,40,No,High,76.8,116.8,10.971428571428572
410,Female,21,2,8,66,8,40,No,Medium,43.8,83.8,21.9
411,Male,18,9,4,60,6,56,Yes,Low,77.4,133.4,8.600000000000001
412,Female,20,9,6,94,6,40,Yes,High,91.2,131.2,10.133333333333333
413,Female,17,4,6,91,4,92,No,High,76.1,168.1,19.025
414,Male,18,4,8,95,6,91,No,Low,84.9,175.9,21.225
415,Male,17,6,7,72,1,84,Yes,High,76.2,160.2,12.700000000000001
416,Male,21,6,5,65,3,69,No,Low,81.1,150.1,13.516666666666666
417,Male,17,1,8,73,6,80,No,High,60.9,140.9,60.9
418,Female,18,9,5,96,2,86,Yes,High,116.2,202.2,12.911111111111111
419,Female,20,2,7,74,1,42,No,Low,54.0,96.0,27.0
420,Female,21,5,6,63,9,85,No,Low,84.9,169.9,16.98
421,Female,18,9,5,99,1,94,No,High,108.3,202.3,12.033333333333333
422,Female,21,4,4,75,0,50,Yes,High,64.5,114.5,16.125
423,Female,19,3,4,87,4,63,No,Low,59.3,122.3,19.766666666666666
424,Male,17,7,8,75,5,61,No,Low,79.9,140.9,11.414285714285715
425,Female,19,6,7,63,5,83,No,High,81.1,164.1,13.516666666666666
426,Male,18,8,8,85,8,84,Yes,High,97.1,181.1,12.1375
427,Male,20,3,8,87,3,65,Yes,High,63.1,128.1,21.033333333333335
428,Female,21,5,8,91,0,52,No,Low,77.1,129.1,15.419999999999998
429,Male,17,4,4,61,5,40,Yes,High,51.3,91.3,12.825
430,Female,21,4,4,90,4,63,No,Medium,80.2,143.2,20.05
431,Male,18,4,8,62,9,49,Yes,Low,58.2,107.2,14.55
432,Female,21,8,4,67,5,74,Yes,High,83.7,157.7,10.4625
433,Male,17,6,7,83,2,63,No,Low,71.1,134.1,11.85
434,Female,18,3,8,74,1,67,No,Medium,63.0,130.0,21.0
435,Female,21,5,4,90,5,75,No,Low,87.0,162.0,17.4
436,Female,20,6,5,68,0,55,Yes,High,74.4,129.4,12.4
437,Female,18,5,8,98,6,79,No,Medium,83.0,162.0,16.6
438,Female,18,6,8,61,6,55,Yes,Medium,68.3,123.3,11.383333333333333
439,Male,20,8,7,67,9,56,Yes,High,82.5,138.5,10.3125
440,Male,19,7,6,66,6,90,No,High,90.8,180.8,12.971428571428572
441,Male,17,5,6,98,9,93,Yes,High,96.6,189.6,19.32
442,Female,19,6,7,75,0,54,No,Low,73.1,127.1,12.183333333333332
443,Male,21,4,7,94,3,55,Yes,Low,71.2,126.2,17.8
444,Female,20,9,7,89,6,54,No,Low,88.3,142.3,9.81111111111111
445,Female,19,4,6,69,8,73,Yes,High,70.9,143.9,17.725
446,Male,18,1,7,97,4,50,Yes,High,53.1,103.1,53.1
447,Male,21,7,4,77,1,40,No,Low,81.1,121.1,11.585714285714285
448,Female,21,7,8,64,6,54,Yes,Medium,82.8,136.8,11.828571428571427
449,Male,19,4,8,88,9,65,No,Low,65.4,130.4,16.35
450,Female,19,3,5,98,0,90,Yes,Medium,78.4,168.4,26.133333333333336
451,Female,20,8,5,93,6,43,Yes,High,81.1,124.1,10.1375
452,Female,17,5,8,82,5,82,Yes,High,89.4,171.4,17.880000000000003
453,Female,19,7,4,64,6,44,No,Low,68.8,112.8,9.828571428571427
454,Female,19,4,6,89,9,74,No,Low,76.3,150.3,19.075
455,Male,18,4,6,65,2,52,No,High,56.3,108.3,14.075
456,Male,21,8,4,63,2,49,No,Low,76.5,125.5,9.5625
457,Female,17,8,6,88,6,50,No,High,83.4,133.4,10.425
458,Female,18,2,7,82,1,57,Yes,High,49.4,106.4,24.7
459,Male,20,2,8,65,0,73,Yes,Medium,64.7,137.7,32.35
460,Male,20,3,8,91,8,78,No,Low,64.5,142.5,21.5
461,Female,19,3,4,77,8,80,Yes,High,74.1,154.1,24.7
462,Male,19,1,6,74,6,81,Yes,Low,62.6,143.6,62.6
463,Female,20,3,5,99,6,89,Yes,Medium,87.3,176.3,29.099999999999998
464,Male,19,6,5,91,2,62,Yes,Medium,87.1,149.1,14.516666666666666
465,Female,17,8,6,68,9,46,No,Low,87.8,133.8,10.975
466,Male,19,6,5,96,1,78,Yes,Low,83.0,161.0,13.833333333333334
467,Female,21,5,4,69,6,42,No,High,71.5,113.5,14.3
468,Male,19,4,4,79,8,51,No,Medium,59.1,110.1,14.775
469,Male,18,3,6,65,0,46,Yes,Medium,47.9,93.9,15.966666666666667
470,Female,17,4,5,62,3,88,No,Medium,73.8,161.8,18.45
471,Male,18,7,4,70,5,65,Yes,Low,88.0,153.0,12.571428571428571
472,Female,18,1,4,76,6,72,Yes,High,48.6,120.6,48.6
473,Male,21,7,7,91,9,76,Yes,Low,94.7,170.7,13.528571428571428
474,Female,17,1,7,63,6,87,No,Low,50.7,137.7,50.7
475,Male,17,2,4,63,9,54,No,Low,55.5,109.5,27.75
476,Female,17,4,6,76,1,41,No,High,63.2,104.2,15.8
477,Male,17,1,8,78,3,80,Yes,Low,60.4,140.4,60.4
478,Female,17,9,8,64,4,46,Yes,Medium,89.6,135.6,9.955555555555556
479,Male,21,6,4,91,0,71,Yes,Medium,89.7,160.7,14.950000000000001
480,Female,19,1,4,81,0,43,No,Medium,40.5,83.5,40.5
481,Female,18,1,4,65,9,59,Yes,High,53.1,112.1,53.1
482,Female,17,6,6,94,2,89,Yes,Low,98.8,187.8,16.466666666666665
483,Male,19,4,7,81,9,92,No,High,87.1,179.1,21.775
484,Female,19,4,4,60,2,75,No,Low,66.0,141.0,16.5
485,Male,18,6,4,79,7,71,No,Medium,74.1,145.1,12.35
486,Female,21,7,5,81,8,67,Yes,Low,95.1,162.1,13.585714285714285
487,Male,20,9,6,70,0,52,Yes,Low,88.8,140.8,9.866666666666667
488,Female,20,5,4,72,1,40,Yes,Low,54.6,94.6,10.92
489,Male,19,9,5,62,9,74,No,High,89.2,163.2,9.911111111111111
490,Male,18,4,8,68,1,87,No,Low,70.2,157.2,17.55
491,Female,20,2,4,71,3,69,No,Low,56.9,125.9,28.45
492,Male,19,3,4,82,1,93,No,Low,77.8,170.8,25.933333333333334
493,Male,21,1,5,73,6,75,Yes,High,60.9,135.9,60.9
494,Female,20,6,6,92,8,94,Yes,High,104.2,198.2,17.366666666666667
495,Male,19,6,4,77,6,64,Yes,High,70.7,134.7,11.783333333333333
496,Male,19,1,8,68,5,55,Yes,Low,46.4,101.4,46.4
497,Male,17,3,4,82,9,58,Yes,Medium,52.8,110.8,17.599999999999998
498,Female,21,5,8,69,0,40,Yes,Medium,69.7,109.7,13.940000000000001
499,Male,17,3,7,78,9,44,Yes,Medium,64.0,108.0,21.333333333333332
500,Female,18,3,7,64,8,90,Yes,Low,72.2,162.2,24.066666666666666
501,Male,17,3,8,82,4,61,No,Medium,65.0,126.0,21.666666666666668
502,Male,17,5,6,89,4,63,No,Medium,66.9,129.9,13.38
503,Male,20,5,4,84,5,82,Yes,Medium,91.0,173.0,18.2
504,Female,19,4,4,87,8,84,No,Low,84.7,168.7,21.175
505,Male,21,1,7,93,7,91,Yes,Medium,73.3,164.3,73.3
506,Male,17,5,8,84,7,76,Yes,Medium,85.6,161.6,17.119999999999997
507,Female,21,5,4,69,7,92,No,Low,82.5,174.5,16.5
508,Male,17,4,4,73,0,75,Yes,High,66.9,141.9,16.725
509,Female,18,6,6,89,0,75,Yes,Medium,86.7,161.7,14.450000000000001
510,Female,17,4,5,84,7,43,Yes,High,54.4,97.4,13.6
511,Male,20,7,7,73,4,75,Yes,Medium,90.9,165.9,12.985714285714286
512,Female,19,7,7,94,8,91,Yes,Low,89.6,180.6,12.799999999999999
513,Male,18,2,5,93,1,92,Yes,High,70.7,162.7,35.35
514,Female,17,3,4,69,8,57,Yes,High,48.5,105.5,16.166666666666668
515,Female,21,1,6,94,7,89,No,High,74.8,163.8,74.8
516,Male,18,8,6,70,8,55,No,High,81.0,136.0,10.125
517,Female,18,9,7,70,3,80,Yes,Medium,100.0,180.0,11.11111111111111
518,Female,17,4,6,80,0,57,No,Medium,66.8,123.8,16.7
519,Female,18,6,5,80,0,61,Yes,High,87.4,148.4,14.566666666666668
520,Female,21,9,4,81,4,41,Yes,Medium,80.7,121.7,8.966666666666667
521,Female,18,6,5,66,1,60,Yes,High,63.8,123.8,10.633333333333333
522,Male,21,9,8,76,7,75,Yes,High,93.8,168.8,10.422222222222222
523,Female,17,4,7,61,9,83,No,Low,72.5,155.5,18.125
524,Male,19,8,6,71,4,78,No,High,101.5,179.5,12.6875
525,Female,18,9,8,77,4,86,No,Medium,110.5,196.5,12.277777777777779
526,Male,19,4,6,70,1,78,No,High,78.2,156.2,19.55
527,Male,21,5,4,75,6,68,Yes,Low,67.7,135.7,13.540000000000001
528,Female,18,8,4,77,7,93,No,Medium,92.3,185.3,11.5375
529,Female,20,6,4,94,9,65,Yes,Low,74.2,139.2,12.366666666666667
530,Female,19,7,6,85,0,60,Yes,Low,91.5,151.5,13.071428571428571
531,Male,18,3,8,75,1,56,No,High,63.9,119.9,21.3
532,Female,19,7,4,65,9,55,Yes,Low,73.5,128.5,10.5
533,Male,18,8,8,71,3,70,No,Low,79.3,149.3,9.9125
534,Male,17,6,6,72,4,90,No,Medium,96.6,186.6,16.099999999999998
535,Male,19,9,8,63,1,48,No,Low,86.1,134.1,9.566666666666666
536,Female,20,6,6,98,0,70,No,High,80.4,150.4,13.4
537,Female,20,9,6,61,8,53,No,High,78.5,131.5,8.722222222222221
538,Male,21,4,7,85,0,88,Yes,High,82.7,170.7,20.675
539,Male,18,8,6,86,3,76,No,Low,100.2,176.2,12.525
540,Female,19,4,6,86,1,41,No,Medium,57.2,98.2,14.3
541,Male,21,2,5,74,3,91,Yes,High,58.6,149.6,29.3
542,Female,19,9,4,67,7,87,No,Low,107.9,194.9,11.988888888888889
543,Male,18,5,7,66,7,85,No,High,80.8,165.8,16.16
544,Female,20,4,7,99,8,53,Yes,High,65.9,118.9,16.475
545,Male,17,2,7,71,4,72,Yes,Medium,64.1,136.1,32.05
546,Female,20,1,5,72,6,74,No,High,61.2,135.2,61.2
547,Male,21,7,6,76,2,78,Yes,Medium,94.0,172.0,13.428571428571429
548,Female,17,6,4,76,9,86,No,Low,86.2,172.2,14.366666666666667
549,Female,21,2,8,95,3,90,Yes,High,72.5,162.5,36.25
550,Male,18,8,6,80,9,59,No,Low,85.6,144.6,10.7
551,Male,17,4,5,67,8,41,No,Low,62.5,103.5,15.625
552,Female,21,8,6,64,9,90,No,Low,101.2,191.2,12.65
553,Male,18,7,6,85,9,80,Yes,High,98.5,178.5,14.071428571428571
554,Female,20,5,5,75,0,58,No,Medium,71.7,129.7,14.34
555,Male,18,8,7,95,1,76,Yes,High,100.9,176.9,12.6125
556,Female,19,9,7,87,4,57,No,Low,94.9,151.9,10.544444444444444
557,Female,18,5,4,88,2,55,No,Medium,76.4,131.4,15.280000000000001
558,Female,18,5,4,71,1,43,No,Low,62.5,105.5,12.5
559,Female,19,2,7,96,0,51,No,Medium,67.2,118.2,33.6
560,Female,21,5,8,89,9,68,No,High,69.9,137.9,13.98
561,Female,21,3,6,82,2,46,Yes,Medium,51.0,97.0,17.0
562,Male,18,7,8,75,0,53,Yes,High,86.7,139.7,12.385714285714286
563,Male,19,5,6,73,0,94,Yes,Low,80.5,174.5,16.1
564,Male,19,8,7,69,0,51,No,Medium,85.1,136.1,10.6375
565,Female,20,1,4,66,7,74,No,Low,58.4,132.4,58.4
566,Female,21,3,4,96,2,44,Yes,Medium,56.4,100.4,18.8
567,Female,17,3,8,88,0,56,No,High,55.8,111.8,18.599999999999998
568,Female,21,9,4,62,6,81,No,Medium,91.0,172.0,10.11111111111111
569,Male,21,5,7,74,9,71,No,Medium,80.6,151.6,16.119999999999997
570,Male,20,9,8,95,2,49,Yes,High,84.1,133.1,9.344444444444443
571,Female,17,9,6,78,7,82,Yes,High,97.2,179.2,10.8
572,Male,20,1,4,72,3,56,Yes,High,49.0,105.0,49.0
573,Male,17,2,5,80,3,44,Yes,Medium,47.6,91.6,23.8
574,Female,18,5,4,96,4,84,Yes,Low,80.4,164.4,16.080000000000002
575,Male,17,4,6,86,5,81,No,Medium,87.2,168.2,21.8
576,Female,20,9,8,88,6,48,No,Medium,86.6,134.6,9.622222222222222
577,Male,21,7,6,79,3,88,No,Low,86.9,174.9,12.414285714285715
578,Female,17,6,5,84,7,72,No,High,85.0,157.0,14.166666666666666
579,Female,17,7,7,65,5,75,Yes,Medium,78.5,153.5,11.214285714285714
580,Female,19,1,4,95,0,75,Yes,Low,71.5,146.5,71.5
581,Female,21,1,8,61,0,57,No,High,40.1,97.1,40.1
582,Male,18,8,7,81,8,48,Yes,High,91.5,139.5,11.4375
583,Female,20,2,6,91,9,68,No,Medium,56.5,124.5,28.25
584,Female,18,9,8,75,5,89,No,High,103.1,192.1,11.455555555555556
585,Female,21,7,7,77,9,53,No,High,75.3,128.3,10.757142857142856
586,Male,17,6,8,64,7,64,No,Low,80.8,144.8,13.466666666666667
587,Female,17,1,5,95,6,54,Yes,Low,53.1,107.1,53.1
588,Male,21,1,5,89,5,45,No,High,47.7,92.7,47.7
589,Female,17,2,4,78,3,81,Yes,Low,64.8,145.8,32.4
590,Male,17,6,4,82,6,68,No,High,83.8,151.8,13.966666666666667
591,Male,17,6,5,93,8,54,No,Medium,83.5,137.5,13.916666666666666
592,Female,20,2,8,72,9,68,No,Low,52.8,120.8,26.4
593,Male,20,1,5,88,9,43,No,High,40.6,83.6,40.6
594,Female,19,5,4,95,6,57,Yes,High,73.3,130.3,14.66
595,Female,18,5,5,81,0,89,No,Low,93.9,182.9,18.78
596,Female,21,2,5,95,9,88,Yes,Low,72.7,160.7,36.35
597,Male,21,6,8,68,8,83,No,Medium,85.6,168.6,14.266666666666666
598,Male,21,9,7,98,3,78,No,High,97.6,175.6,10.844444444444443
599,Female,19,2,4,78,2,55,No,Medium,52.4,107.4,26.2
600,Female,20,2,8,97,3,50,Yes,Medium,57.1,107.1,28.55
601,Male,19,3,5,65,3,53,No,Medium,56.7,109.7,18.900000000000002
602,Female,21,7,5,74,9,42,No,Low,74.0,116.0,10.571428571428571
603,Female,18,6,7,79,1,90,No,Medium,80.7,170.7,13.450000000000001
604,Female,17,8,4,68,0,89,No,Low,103.0,192.0,12.875
605,Male,20,8,4,91,9,81,No,Low,97.7,178.7,12.2125
606,Male,20,6,6,63,0,77,Yes,Medium,70.7,147.7,11.783333333333333
607,Male,19,3,4,77,7,84,Yes,Medium,62.7,146.7,20.900000000000002
608,Female,20,3,7,64,1,81,No,High,58.6,139.6,19.533333333333335
609,Female,21,1,6,79,9,57,No,Medium,56.5,113.5,56.5
610,Female,21,7,6,82,4,59,Yes,High,91.2,150.2,13.028571428571428
611,Male,19,5,5,70,3,87,No,Medium,73.8,160.8,14.76
612,Female,21,4,5,96,7,64,Yes,Medium,81.4,145.4,20.35
613,Female,18,4,4,81,1,77,No,Medium,84.1,161.1,21.025
614,Female,19,4,6,63,9,52,No,Medium,66.7,118.7,16.675
615,Female,18,6,5,88,8,43,Yes,High,72.6,115.6,12.1
616,Male,17,8,7,93,6,94,No,High,105.5,199.5,13.1875
617,Male,18,8,5,72,6,53,Yes,Medium,88.8,141.8,11.1
618,Female,17,5,5,68,0,72,Yes,Medium,83.2,155.2,16.64
619,Male,17,6,6,90,1,67,Yes,High,88.8,155.8,14.799999999999999
620,Male,18,4,6,66,3,91,No,Low,85.2,176.2,21.3
621,Female,19,9,8,63,3,76,Yes,Low,96.3,172.3,10.7
622,Female,21,8,7,78,2,47,Yes,Low,73.2,120.2,9.15
623,Male,21,1,6,89,6,83,No,High,55.9,138.9,55.9
624,Female,17,2,4,90,7,73,No,High,69.2,142.2,34.6
625,Male,17,9,7,94,1,83,No,Low,99.4,182.4,11.044444444444444
626,Female,19,8,7,80,3,44,No,Low,87.6,131.6,10.95
627,Male,20,3,6,90,2,93,No,Medium,81.2,174.2,27.066666666666666
628,Female,18,8,7,78,1,44,No,High,74.0,118.0,9.25
629,Male,17,1,6,90,5,70,Yes,High,52.0,122.0,52.0
630,Male,21,4,5,91,3,84,No,Low,81.9,165.9,20.475
631,Male,19,3,8,61,5,48,Yes,Low,49.5,97.5,16.5
632,Female,18,6,5,69,1,81,No,High,74.1,155.1,12.35
633,Male,19,7,6,61,3,71,Yes,Medium,76.7,147.7,10.957142857142857
634,Male,18,4,6,61,5,72,Yes,Low,66.1,138.1,16.525
635,Female,18,7,5,83,4,42,No,High,77.7,119.7,11.1
636,Female,17,9,4,76,2,69,No,High,94.4,163.4,10.488888888888889
637,Male,19,2,4,91,7,89,Yes,Medium,71.9,160.9,35.95
638,Male,19,3,4,75,6,51,No,Medium,49.9,100.9,16.633333333333333
639,Female,21,5,6,75,2,68,No,Low,83.7,151.7,16.740000000000002
640,Female,21,3,7,98,5,42,Yes,Low,60.2,102.2,20.066666666666666
641,Female,17,8,6,90,3,65,Yes,Low,91.0,156.0,11.375
642,Female,17,8,7,83,4,69,Yes,High,101.5,170.5,12.6875
643,Female,20,8,5,60,4,48,No,Low,85.2,133.2,10.65
644,Male,21,9,8,70,6,65,No,High,95.0,160.0,10.555555555555555
645,Female,18,4,7,80,4,41,No,Low,51.4,92.4,12.85
646,Male,19,5,4,63,2,42,No,Medium,54.7,96.7,10.940000000000001
647,Male,17,5,6,66,9,85,Yes,Medium,87.8,172.8,17.56
648,Male,19,8,5,85,4,43,No,High,79.7,122.7,9.9625
649,Female,19,7,4,71,6,64,Yes,Medium,77.9,141.9,11.12857142857143
650,Male,20,9,5,90,4,90,No,High,103.0,193.0,11.444444444444445
651,Male,21,8,8,76,4,52,No,High,83.6,135.6,10.45
652,Female,17,2,6,92,8,78,Yes,Medium,69.8,147.8,34.9
653,Male,19,4,6,70,2,83,No,High,81.2,164.2,20.3
654,Male,17,6,8,87,5,74,No,Medium,93.7,167.7,15.616666666666667
655,Female,18,2,6,91,0,94,Yes,Low,73.9,167.9,36.95
656,Male,20,7,7,60,9,62,No,Low,80.8,142.8,11.542857142857143
657,Male,18,3,5,87,4,48,Yes,Medium,52.3,100.3,17.433333333333334
658,Male,17,3,4,66,7,41,Yes,Medium,58.2,99.2,19.400000000000002
659,Female,17,2,8,61,4,93,Yes,Medium,69.5,162.5,34.75
660,Female,21,8,7,83,8,80,Yes,Medium,91.9,171.9,11.4875
661,Female,19,6,4,63,5,83,No,Low,81.1,164.1,13.516666666666666
662,Male,19,1,4,78,7,70,No,High,57.4,127.4,57.4
663,Male,18,1,8,85,9,83,No,High,59.7,142.7,59.7
664,Female,20,7,7,70,7,86,Yes,Low,96.4,182.4,13.771428571428572
665,Male,19,8,4,99,2,41,No,High,76.1,117.1,9.5125
666,Male,21,5,4,70,6,71,No,Low,81.4,152.4,16.28
667,Female,18,5,7,62,6,57,No,High,70.4,127.4,14.080000000000002
668,Female,18,4,6,71,9,52,No,Medium,70.1,122.1,17.525
669,Male,21,6,4,62,5,85,Yes,Medium,72.6,157.6,12.1
670,Male,20,6,5,86,6,44,Yes,Medium,67.4,111.4,11.233333333333334
671,Male,21,3,7,61,1,81,No,Low,69.7,150.7,23.233333333333334
672,Female,20,9,4,75,8,83,Yes,Low,92.7,175.7,10.3
673,Female,21,7,8,61,9,49,No,High,62.9,111.9,8.985714285714286
674,Female,21,1,5,89,9,82,No,High,61.5,143.5,61.5
675,Female,17,7,4,79,0,64,No,High,85.3,149.3,12.185714285714285
676,Male,18,5,5,97,0,73,Yes,Low,91.3,164.3,18.259999999999998
677,Female,21,5,5,87,2,76,No,High,82.5,158.5,16.5
678,Female,21,2,6,84,2,69,Yes,Medium,64.8,133.8,32.4
679,Female,19,4,5,91,0,46,Yes,High,55.7,101.7,13.925
680,Female,18,6,6,69,6,45,No,Medium,76.7,121.7,12.783333333333333
681,Female,19,7,7,99,3,93,Yes,Low,96.9,189.9,13.842857142857143
682,Male,18,5,6,92,9,94,Yes,Medium,87.2,181.2,17.44
683,Male,19,9,8,72,1,42,No,Medium,76.4,118.4,8.488888888888889
684,Female,21,3,4,96,9,52,Yes,Medium,58.6,110.6,19.533333333333335
685,Male,21,1,7,75,4,42,Yes,Low,40.3,82.3,40.3
686,Female,17,4,7,81,5,65,No,Low,63.3,128.3,15.825
687,Female,19,9,8,79,8,63,No,Low,102.9,165.9,11.433333333333334
688,Male,20,4,6,86,3,92,Yes,Low,75.6,167.6,18.9
689,Male,17,2,4,75,1,45,No,High,54.5,99.5,27.25
690,Female,19,5,6,93,4,82,No,Low,79.7,161.7,15.940000000000001
691,Female,19,3,5,91,2,88,Yes,Medium,75.5,163.5,25.166666666666668
692,Female,17,9,6,85,1,81,Yes,Low,93.9,174.9,10.433333333333334
693,Male,21,4,7,84,0,51,No,High,61.6,112.6,15.4
694,Female,19,6,4,61,9,88,Yes,High,89.5,177.5,14.916666666666666
695,Female,21,2,6,71,1,75,No,High,66.3,141.3,33.15
696,Female,17,6,4,99,5,41,No,Medium,82.1,123.1,13.683333333333332
697,Male,21,3,4,68,7,50,Yes,Low,64.4,114.4,21.46666666666667
698,Female,18,9,5,71,2,78,Yes,Low,88.5,166.5,9.833333333333334
699,Female,20,2,5,85,8,73,No,Low,64.7,137.7,32.35
700,Male,19,9,7,68,8,65,No,Medium,82.4,147.4,9.155555555555557
701,Female,20,5,8,69,1,57,No,Medium,58.5,115.5,11.7
702,Female,21,8,4,91,7,60,No,High,82.3,142.3,10.2875
703,Male,19,2,8,93,9,75,Yes,High,65.9,140.9,32.95
704,Female,21,6,7,79,4,79,No,Low,76.3,155.3,12.716666666666667
705,Male,18,3,4,98,3,91,Yes,Medium,84.8,175.8,28.266666666666666
706,Male,17,5,4,61,9,85,Yes,Medium,76.3,161.3,15.26
707,Female,19,8,8,60,4,83,No,Low,95.2,178.2,11.9
708,Female,18,1,6,95,3,61,Yes,Low,56.9,117.9,56.9
709,Female,18,5,5,83,7,92,Yes,High,92.7,184.7,18.54
710,Female,19,3,6,86,3,69,No,High,66.4,135.4,22.133333333333336
711,Male,21,4,8,61,9,89,Yes,High,80.9,169.9,20.225
712,Female,18,2,5,90,5,82,Yes,Low,62.8,144.8,31.4
713,Male,20,9,6,73,1,69,No,Low,92.5,161.5,10.277777777777779
714,Female,18,3,5,61,4,47,No,High,57.1,104.1,19.033333333333335
715,Female,21,2,4,88,5,73,No,High,58.6,131.6,29.3
716,Female,21,9,6,74,4,86,No,Medium,106.6,192.6,11.844444444444443
717,Male,20,7,5,71,1,48,No,Medium,83.5,131.5,11.928571428571429
718,Female,18,6,5,96,6,90,No,High,84.8,174.8,14.133333333333333
719,Female,21,1,5,87,3,59,No,High,49.7,108.7,49.7
720,Female,19,5,6,79,7,79,Yes,Medium,79.3,158.3,15.86
721,Female,17,3,7,98,6,64,Yes,High,75.0,139.0,25.0
722,Male,17,1,6,83,6,58,No,Medium,46.1,104.1,46.1
723,Female,17,4,8,80,8,44,Yes,Medium,63.6,107.6,15.9
724,Male,18,2,6,69,0,50,Yes,Medium,55.7,105.7,27.85
725,Male,20,2,5,73,9,54,No,Low,62.5,116.5,31.25
726,Male,21,3,4,96,5,47,Yes,Low,57.6,104.6,19.2
727,Male,19,8,6,77,5,58,No,High,86.3,144.3,10.7875
728,Male,19,8,6,83,5,62,Yes,Medium,81.7,143.7,10.2125
729,Male,18,7,5,73,5,66,No,Low,92.3,158.3,13.185714285714285
730,Female,17,6,4,93,9,79,Yes,High,88.5,167.5,14.75
731,Male,18,9,4,71,6,71,Yes,High,84.7,155.7,9.411111111111111
732,Male,20,4,8,81,9,65,Yes,High,79.3,144.3,19.825
733,Male,20,1,6,65,5,66,No,High,50.9,116.9,50.9
734,Female,21,8,4,95,0,58,Yes,High,92.7,150.7,11.5875
735,Female,21,7,4,95,2,89,Yes,Medium,102.1,191.1,14.585714285714285
736,Male,20,7,7,81,1,81,No,High,88.7,169.7,12.671428571428573
737,Female,20,3,7,73,5,68,No,Medium,64.1,132.1,21.366666666666664
738,Male,20,4,4,75,7,78,Yes,Low,66.7,144.7,16.675
739,Male,18,9,8,95,2,80,Yes,High,101.5,181.5,11.277777777777779
740,Female,20,6,4,84,9,72,Yes,Low,83.0,155.0,13.833333333333334
741,Male,19,5,5,91,7,58,Yes,Medium,83.5,141.5,16.7
742,Female,17,3,6,92,7,76,No,Medium,66.0,142.0,22.0
743,Female,20,9,8,95,4,58,Yes,Low,87.7,145.7,9.744444444444445
744,Male,17,5,5,79,7,72,Yes,High,84.5,156.5,16.9
745,Male,18,5,8,77,5,86,No,High,85.5,171.5,17.1
746,Female,17,4,5,97,4,55,Yes,Low,76.1,131.1,19.025
747,Male,18,4,6,62,8,62,Yes,Low,63.4,125.4,15.85
748,Male,19,1,6,82,6,46,Yes,Low,47.0,93.0,47.0
749,Male,18,7,7,91,7,65,No,High,94.3,159.3,13.471428571428572
750,Female,18,9,5,75,0,71,No,High,98.9,169.9,10.988888888888889
751,Female,21,3,7,64,1,51,Yes,High,47.6,98.6,15.866666666666667
752,Male,20,2,5,63,7,47,Yes,Low,55.7,102.7,27.85
753,Female,20,3,7,80,8,44,No,High,47.6,91.6,15.866666666666667
754,Female,19,1,6,99,3,81,Yes,Medium,63.1,144.1,63.1
755,Female,19,6,8,73,9,67,Yes,Low,76.7,143.7,12.783333333333333
756,Female,20,7,7,98,9,92,No,High,109.2,201.2,15.6
757,Female,21,2,5,90,8,44,No,Low,59.6,103.6,29.8
758,Male,20,8,5,73,3,88,No,Medium,102.1,190.1,12.7625
759,Male,21,6,6,65,9,65,Yes,Medium,82.5,147.5,13.75
760,Male,19,4,5,71,9,44,Yes,Low,58.9,102.9,14.725
761,Female,17,5,4,75,9,61,Yes,Low,67.9,128.9,13.580000000000002
762,Female,19,8,8,76,8,54,Yes,Medium,82.4,136.4,10.3
763,Male,19,3,7,82,6,52,No,Low,53.4,105.4,17.8
764,Female,18,3,8,73,1,67,Yes,Medium,65.7,132.7,21.900000000000002
765,Male,18,4,6,66,8,72,Yes,Medium,61.6,133.6,15.4
766,Male,18,1,7,91,3,82,No,High,73.1,155.1,73.1
767,Male,18,9,7,74,7,62,No,Low,83.0,145.0,9.222222222222221
768,Female,21,8,4,76,6,72,Yes,Low,89.6,161.6,11.2
769,Female,20,8,6,93,6,82,No,High,101.7,183.7,12.7125
770,Male,17,6,5,64,7,57,No,Medium,63.0,120.0,10.5
771,Male,19,7,4,86,0,89,Yes,Low,91.4,180.4,13.057142857142859
772,Male,21,6,4,82,4,92,Yes,High,85.4,177.4,14.233333333333334
773,Male,17,9,8,99,1,69,Yes,High,96.3,165.3,10.7
774,Female,21,3,8,73,1,65,Yes,Low,71.9,136.9,23.96666666666667
775,Female,21,3,8,74,0,55,No,High,53.2,108.2,17.733333333333334
776,Male,19,3,4,92,4,52,No,Medium,56.4,108.4,18.8
777,Male,20,3,5,90,1,78,Yes,High,71.2,149.2,23.733333333333334
778,Female,18,9,7,94,3,72,Yes,Medium,101.0,173.0,11.222222222222221
779,Female,20,4,8,76,2,65,No,Medium,73.8,138.8,18.45
780,Male,19,7,5,87,2,87,Yes,Low,94.9,181.9,13.557142857142859
781,Male,19,9,6,78,1,40,Yes,High,83.4,123.4,9.266666666666667
782,Male,19,7,8,82,5,88,Yes,Medium,102.8,190.8,14.685714285714285
783,Female,17,9,7,91,1,77,Yes,Medium,102.1,179.1,11.344444444444443
784,Female,20,3,6,99,7,41,No,High,56.1,97.1,18.7
785,Female,20,4,6,72,7,88,Yes,Medium,82.8,170.8,20.7
786,Male,21,8,7,79,4,45,No,High,75.7,120.7,9.4625
787,Male,21,6,8,94,9,85,Yes,Low,87.2,172.2,14.533333333333333
788,Female,21,5,4,64,6,89,Yes,Medium,83.8,172.8,16.759999999999998
789,Female,19,4,7,68,3,77,No,Medium,79.2,156.2,19.8
790,Male,20,8,7,88,0,81,Yes,High,105.8,186.8,13.225
791,Female,19,1,7,65,1,63,No,High,42.7,105.7,42.7
792,Female,17,9,6,84,9,57,Yes,High,90.0,147.0,10.0
793,Male,21,1,5,90,9,66,Yes,High,63.4,129.4,63.4
794,Female,19,8,4,81,3,80,Yes,Medium,104.3,184.3,13.0375
795,Male,19,4,8,61,0,47,Yes,Low,66.1,113.1,16.525
796,Male,17,9,8,64,7,67,Yes,Low,83.0,150.0,9.222222222222221
797,Male,18,5,5,86,8,49,No,Low,69.4,118.4,13.88
798,Male,20,3,7,84,3,56,No,Low,53.6,109.6,17.866666666666667
799,Male,18,9,4,67,9,94,Yes,High,95.7,189.7,10.633333333333333
800,Male,21,9,8,60,2,68,Yes,Medium,85.2,153.2,9.466666666666667
801,Male,19,4,8,79,1,45,No,Medium,61.7,106.7,15.425
802,Female,17,4,7,82,4,53,No,Medium,68.8,121.8,17.2
803,Male,17,8,5,91,2,61,Yes,High,96.7,157.7,12.0875
804,Male,20,2,4,70,9,93,Yes,Medium,76.2,169.2,38.1
805,Female,18,9,5,98,6,45,No,High,83.4,128.4,9.266666666666667
806,Female,20,6,5,83,5,65,Yes,Medium,86.9,151.9,14.483333333333334
807,Female,19,9,4,70,0,78,No,Low,95.2,173.2,10.577777777777778
808,Male,20,8,4,88,7,51,Yes,High,92.8,143.8,11.6
809,Female,17,7,8,85,1,74,No,Medium,94.1,168.1,13.442857142857141
810,Male,17,1,8,75,4,53,No,Low,44.7,97.7,44.7
811,Male,21,3,4,94,8,61,Yes,Low,75.6,136.6,25.2
812,Male,21,2,6,79,7,90,No,Low,61.7,151.7,30.85
813,Male,19,5,8,62,1,62,Yes,High,58.4,120.4,11.68
814,Female,18,5,6,60,8,87,Yes,High,70.8,157.8,14.16
815,Female,20,5,4,60,4,46,Yes,Medium,68.4,114.4,13.680000000000001
816,Male,19,4,8,76,9,79,Yes,Low,71.4,150.4,17.85
817,Male,21,5,5,61,5,89,No,Medium,86.9,175.9,17.380000000000003
818,Male,20,3,4,88,2,64,Yes,Medium,62.0,126.0,20.666666666666668
819,Female,21,1,7,79,2,52,Yes,Low,39.5,91.5,39.5
820,Male,20,5,6,65,9,60,Yes,Medium,65.5,125.5,13.1
821,Male,18,9,4,67,7,80,Yes,High,87.1,167.1,9.677777777777777
822,Female,19,9,4,88,9,49,No,Medium,99.0,148.0,11.0
823,Female,20,4,8,92,9,92,Yes,Low,84.4,176.4,21.1
824,Male,17,3,8,62,1,94,No,High,75.2,169.2,25.066666666666666
825,Female,17,1,8,94,1,48,No,High,52.4,100.4,52.4
826,Female,20,2,7,64,4,54,No,Medium,58.8,112.8,29.4
827,Male,20,8,8,86,5,91,Yes,Medium,101.2,192.2,12.65
828,Female,20,1,4,71,1,41,Yes,High,43.7,84.7,43.7
829,Male,17,8,8,79,4,64,Yes,Medium,79.3,143.3,9.9125
830,Female,17,7,5,79,6,52,Yes,Low,75.5,127.5,10.785714285714286
831,Male,20,8,8,68,9,73,No,Medium,95.6,168.6,11.95
832,Male,21,6,7,98,9,90,No,Medium,94.4,184.4,15.733333333333334
833,Male,21,9,5,63,7,73,Yes,High,88.1,161.1,9.788888888888888
834,Female,18,3,4,78,6,74,Yes,Medium,74.0,148.0,24.666666666666668
835,Male,19,4,4,97,7,77,Yes,Medium,86.9,163.9,21.725
836,Female,21,6,6,86,8,42,Yes,Medium,66.6,108.6,11.1
837,Male,17,8,5,72,4,81,Yes,Low,101.0,182.0,12.625
838,Male,21,5,6,72,4,45,Yes,Medium,70.6,115.6,14.12
839,Female,18,3,5,81,9,94,Yes,Low,81.9,175.9,27.3
840,Male,18,6,5,87,3,87,No,Low,87.9,174.9,14.65
841,Male,19,4,7,81,8,88,No,Low,81.5,169.5,20.375
842,Female,21,9,6,78,4,58,No,Low,96.6,154.6,10.733333333333333
843,Male,17,3,7,67,1,42,No,High,51.9,93.9,17.3
844,Male,17,4,5,67,9,57,Yes,Low,57.9,114.9,14.475
845,Male,20,7,4,85,7,78,Yes,Medium,83.7,161.7,11.957142857142857
846,Male,17,7,5,85,6,48,Yes,Low,69.7,117.7,9.957142857142857
847,Female,19,4,7,82,7,91,Yes,Medium,88.0,179.0,22.0
848,Female,19,6,6,72,2,51,Yes,Low,66.0,117.0,11.0
849,Male,17,3,6,87,3,44,No,High,60.7,104.7,20.233333333333334
850,Female,17,6,7,68,4,42,Yes,Low,66.2,108.2,11.033333333333333
851,Male,20,2,6,79,5,50,No,Low,47.7,97.7,23.85
852,Female,17,8,8,78,0,69,Yes,High,94.0,163.0,11.75
853,Male,20,2,4,98,3,43,No,Low,62.6,105.6,31.3
854,Male,20,7,4,71,9,44,Yes,Medium,63.9,107.9,9.128571428571428
855,Male,17,9,4,74,4,40,No,Low,74.2,114.2,8.244444444444445
856,Male,18,1,6,90,6,66,Yes,Low,54.4,120.4,54.4
857,Male,18,8,6,73,4,67,Yes,Low,87.7,154.7,10.9625
858,Male,20,7,5,70,0,68,Yes,High,92.2,160.2,13.171428571428573
859,Female,17,6,5,85,6,57,Yes,Low,74.3,131.3,12.383333333333333
860,Male,18,6,4,86,7,51,No,Low,81.2,132.2,13.533333333333333
861,Female,17,6,8,70,6,52,Yes,Medium,65.8,117.8,10.966666666666667
862,Male,17,9,5,97,3,80,No,Low,107.1,187.1,11.899999999999999
863,Female,17,2,5,93,7,41,Yes,Low,60.3,101.3,30.15
864,Female,21,1,6,78,4,76,No,Low,63.8,139.8,63.8
865,Female,17,6,8,65,9,84,Yes,Low,92.1,176.1,15.35
866,Male,21,8,4,97,8,55,Yes,Medium,96.1,151.1,12.0125
867,Male,20,3,5,87,9,87,No,Medium,83.9,170.9,27.96666666666667
868,Female,18,1,8,60,4,63,Yes,High,52.2,115.2,52.2
869,Male,18,9,8,94,0,74,Yes,Low,103.8,177.8,11.533333333333333
870,Female,18,1,4,99,8,61,No,High,58.1,119.1,58.1
871,Male,18,3,8,67,4,75,Yes,High,56.1,131.1,18.7
872,Female,18,8,8,66,5,50,No,Low,75.8,125.8,9.475
873,Female,18,3,8,70,3,94,Yes,Medium,75.6,169.6,25.2
874,Male,18,4,5,98,5,85,No,Medium,75.4,160.4,18.85
875,Female,20,8,4,63,7,68,No,Low,90.1,158.1,11.2625
876,Male,17,1,8,84,2,74,No,Low,49.8,123.8,49.8
877,Female,19,6,8,71,4,87,No,Medium,78.1,165.1,13.016666666666666
878,Female,21,1,5,85,1,93,Yes,Low,66.7,159.7,66.7
879,Male,19,1,4,97,1,54,Yes,Low,59.7,113.7,59.7
880,Male,19,8,6,71,6,70,No,Low,84.3,154.3,10.5375
881,Male,17,4,5,96,9,81,Yes,Medium,90.2,171.2,22.55
882,Female,17,1,4,83,9,80,Yes,High,65.9,145.9,65.9
883,Male,17,7,8,75,9,82,Yes,High,86.3,168.3,12.328571428571427
884,Female,18,5,4,72,5,55,No,Low,62.6,117.6,12.52
885,Female,20,5,4,84,3,49,Yes,Medium,62.8,111.8,12.559999999999999
886,Male,18,1,4,63,4,88,Yes,Low,66.1,154.1,66.1
887,Male,20,6,6,70,0,71,No,Medium,71.4,142.4,11.9
888,Female,20,9,4,91,6,90,Yes,Low,114.3,204.3,12.7
889,Female,19,9,6,66,7,41,No,Medium,88.2,129.2,9.8
890,Male,19,8,8,70,8,63,No,Medium,93.2,156.2,11.65
891,Male,20,5,6,87,7,62,No,High,66.9,128.9,13.38
892,Male,20,1,8,82,4,41,Yes,Low,48.0,89.0,48.0
893,Male,18,9,8,82,2,77,Yes,High,104.4,181.4,11.600000000000001
894,Male,18,1,6,87,9,70,No,High,53.1,123.1,53.1
895,Female,19,8,5,85,8,90,No,Medium,93.5,183.5,11.6875
896,Female,17,5,7,84,5,79,No,Low,75.8,154.8,15.16
897,Female,20,3,4,88,4,65,No,Medium,61.4,126.4,20.466666666666665
898,Female,18,7,7,78,2,68,No,Medium,79.6,147.6,11.37142857142857
899,Male,19,7,4,92,5,42,No,Medium,71.4,113.4,10.200000000000001
900,Male,18,9,4,95,2,53,Yes,Low,86.7,139.7,9.633333333333333
901,Male,20,7,8,73,9,64,No,Low,91.5,155.5,13.071428571428571
902,Female,20,3,4,73,5,87,No,Medium,78.7,165.7,26.233333333333334
903,Female,21,1,4,94,3,40,No,Low,58.2,98.2,58.2
904,Male,17,8,6,89,1,92,Yes,Medium,96.5,188.5,12.0625
905,Male,21,3,7,87,7,42,Yes,Low,47.9,89.9,15.966666666666667
906,Female,19,8,6,76,3,93,Yes,Low,105.0,198.0,13.125
907,Female,18,8,4,62,8,65,Yes,High,81.6,146.6,10.2
908,Male,19,5,8,75,6,57,No,Medium,76.3,133.3,15.26
909,Male,20,1,6,89,1,48,Yes,High,47.9,95.9,47.9
910,Female,21,7,6,88,3,77,No,High,88.2,165.2,12.6
911,Male,21,5,5,74,4,62,No,Medium,69.0,131.0,13.8
912,Male,21,8,4,84,2,60,No,Medium,90.2,150.2,11.275
913,Male,19,9,8,97,8,40,No,Low,95.1,135.1,10.566666666666666
914,Female,20,7,6,97,4,60,No,Medium,89.1,149.1,12.728571428571428
915,Female,18,7,6,82,1,66,No,High,94.0,160.0,13.428571428571429
916,Female,18,1,8,84,2,81,Yes,High,61.6,142.6,61.6
917,Female,19,4,4,66,8,45,Yes,Medium,53.8,98.8,13.45
918,Female,21,2,5,81,6,94,Yes,High,72.9,166.9,36.45
919,Female,17,2,6,76,1,83,Yes,Low,75.0,158.0,37.5
920,Female,19,2,5,77,8,75,Yes,High,57.1,132.1,28.55
921,Male,19,4,7,69,3,67,No,Low,72.5,139.5,18.125
922,Male,20,1,4,69,8,84,Yes,High,57.3,141.3,57.3
923,Male,18,4,7,66,1,56,Yes,Low,58.2,114.2,14.55
924,Male,19,2,7,97,9,79,Yes,Low,79.7,158.7,39.85
925,Male,19,5,7,86,3,91,No,Medium,90.2,181.2,18.04
926,Male,21,3,4,92,4,42,No,Low,59.4,101.4,19.8
927,Male,21,8,4,60,1,51,No,Medium,74.4,125.4,9.3
928,Female,17,4,8,93,9,78,Yes,High,78.1,156.1,19.525
929,Female,20,1,5,63,0,51,Yes,High,42.3,93.3,42.3
930,Male,17,1,5,76,6,41,Yes,High,37.2,78.2,37.2
931,Male,21,3,8,63,9,85,Yes,Low,72.9,157.9,24.3
932,Female,18,9,8,85,0,61,Yes,High,93.9,154.9,10.433333333333334
933,Male,21,7,7,63,7,62,No,High,86.7,148.7,12.385714285714286
934,Male,20,2,8,60,2,69,Yes,Medium,61.6,130.6,30.8
935,Female,21,9,6,66,9,44,No,Medium,80.4,124.4,8.933333333333334
936,Male,20,2,5,89,5,48,Yes,High,57.9,105.9,28.95
937,Female,20,3,8,68,6,60,No,High,49.4,109.4,16.466666666666665
938,Male,20,2,6,94,9,50,No,Low,49.2,99.2,24.6
939,Female,20,3,6,67,0,44,No,Low,54.7,98.7,18.233333333333334
940,Female,20,6,6,83,5,74,No,High,82.5,156.5,13.75
941,Female,18,9,6,78,6,66,Yes,Medium,90.8,156.8,10.088888888888889
942,Male,17,9,7,95,5,88,Yes,High,113.7,201.7,12.633333333333333
943,Female,19,7,6,86,3,41,Yes,Low,85.2,126.2,12.171428571428573
944,Male,17,3,7,91,0,63,No,Medium,63.5,126.5,21.166666666666668
945,Male,20,4,7,73,8,70,Yes,Medium,64.9,134.9,16.225
946,Male,18,6,6,77,3,72,Yes,Low,88.9,160.9,14.816666666666668
947,Male,21,5,5,87,6,78,Yes,High,90.3,168.3,18.06
948,Female,18,2,6,88,6,69,Yes,High,64.0,133.0,32.0
949,Female,20,6,6,75,1,85,No,High,87.5,172.5,14.583333333333334
950,Male,18,3,6,94,0,76,No,Low,72.6,148.6,24.2
951,Male,18,8,5,90,7,90,Yes,Medium,105.0,195.0,13.125
952,Female,20,2,4,63,7,67,Yes,Low,56.7,123.7,28.35
953,Male,18,1,4,96,6,70,Yes,High,60.8,130.8,60.8
954,Female,19,9,7,76,7,50,No,Low,96.8,146.8,10.755555555555555
955,Male,19,3,7,98,2,62,No,Medium,76.2,138.2,25.400000000000002
956,Male,18,1,5,85,1,41,No,Low,39.9,80.9,39.9
957,Female,21,7,8,98,6,79,Yes,High,90.0,169.0,12.857142857142858
958,Male,20,5,4,63,7,80,No,Medium,69.9,149.9,13.98
959,Female,19,5,7,89,0,66,No,Low,79.1,145.1,15.819999999999999
960,Male,21,1,4,89,9,74,No,Low,53.3,127.3,53.3
961,Male,18,9,5,81,8,41,No,Medium,82.7,123.7,9.18888888888889
962,Male,21,7,5,70,3,78,No,Medium,78.2,156.2,11.171428571428573
963,Female,17,8,8,61,3,76,Yes,High,95.7,171.7,11.9625
964,Male,19,9,8,71,2,60,Yes,Medium,88.3,148.3,9.81111111111111
965,Male,18,6,5,89,5,44,Yes,High,76.3,120.3,12.716666666666667
966,Male,20,5,7,95,0,91,Yes,Low,85.9,176.9,17.18
967,Male,18,6,4,77,5,84,No,High,85.7,169.7,14.283333333333333
968,Female,20,2,6,85,1,60,Yes,Low,57.5,117.5,28.75
969,Female,18,4,8,66,8,68,Yes,Medium,71.0,139.0,17.75
970,Male,21,3,6,60,1,59,Yes,Low,50.6,109.6,16.866666666666667
971,Female,21,7,7,85,6,77,No,Medium,92.3,169.3,13.185714285714285
972,Male,21,9,8,82,0,59,Yes,Low,83.2,142.2,9.244444444444445
973,Male,17,5,6,85,6,89,No,Low,87.1,176.1,17.419999999999998
974,Male,20,6,7,65,4,64,No,Low,70.1,134.1,11.683333333333332
975,Female,21,2,4,65,7,41,No,Low,53.9,94.9,26.95
976,Female,17,3,7,67,3,71,Yes,High,71.5,142.5,23.833333333333332
977,Female,20,3,8,83,9,65,No,Low,70.9,135.9,23.633333333333336
978,Female,18,9,5,81,6,45,Yes,High,95.3,140.3,10.588888888888889
979,Female,17,7,4,78,5,80,Yes,Medium,82.4,162.4,11.771428571428572
980,Female,19,8,6,96,4,42,Yes,Medium,84.6,126.6,10.575
981,Female,17,9,8,77,3,72,No,High,103.9,175.9,11.544444444444444
982,Female,17,6,5,90,6,40,No,Medium,75.0,115.0,12.5
983,Female,20,4,7,96,4,90,Yes,Medium,91.8,181.8,22.95
984,Male,18,1,5,89,4,44,No,Low,41.3,85.3,41.3
985,Female,19,8,8,92,0,52,No,Low,80.4,132.4,10.05
986,Female,21,7,8,69,1,58,No,Low,79.9,137.9,11.414285714285715
987,Female,21,2,5,96,4,51,Yes,High,68.2,119.2,34.1
988,Female,17,8,7,71,2,87,No,High,92.1,179.1,11.5125
989,Female,20,5,5,89,1,64,No,Medium,74.3,138.3,14.86
990,Female,20,7,8,86,3,90,Yes,Low,94.8,184.8,13.542857142857143
991,Female,21,4,8,98,3,74,No,High,82.0,156.0,20.5
992,Female,19,5,6,68,3,51,Yes,High,59.8,110.8,11.959999999999999
993,Female,18,8,6,80,3,69,No,Low,99.6,168.6,12.45
994,Female,19,1,4,71,2,44,No,High,48.9,92.9,48.9
995,Female,18,1,8,88,6,73,No,Low,61.6,134.6,61.6
996,Male,21,4,6,92,8,61,No,Medium,65.0,126.0,16.25
997,Male,18,3,5,74,4,78,No,Medium,65.4,143.4,21.8
998,Female,20,2,7,61,3,52,No,Medium,45.1,97.1,22.55
999,Female,17,3,5,98,1,86,Yes,Low,82.8,168.8,27.599999999999998
1000,Male,17,1,7,77,1,93,No,High,60.3,153.3,60.3
1001,Female,21,1,6,62,4,42,No,Medium,34.4,76.4,34.4
1002,Male,20,6,4,66,6,92,No,Medium,89.6,181.6,14.933333333333332
1003,Male,19,5,5,77,9,59,Yes,Medium,73.7,132.7,14.74
1004,Male,20,8,5,97,9,70,Yes,High,96.1,166.1,12.0125
1005,Male,17,2,5,96,8,44,Yes,High,63.4,107.4,31.7
1006,Male,17,4,7,92,6,63,No,Low,65.8,128.8,16.45
1007,Female,20,8,6,90,4,79,No,Medium,95.6,174.6,11.95
1008,Male,20,6,5,70,9,93,Yes,High,88.2,181.2,14.700000000000001
1009,Female,17,1,5,63,9,72,Yes,Low,58.7,130.7,58.7
1010,Female,19,4,4,77,9,47,Yes,Medium,68.9,115.9,17.225
1011,Male,21,1,4,63,5,63,No,High,49.1,112.1,49.1
1012,Male,21,2,6,93,2,89,Yes,High,78.5,167.5,39.25
1013,Female,20,5,6,88,4,59,No,Low,76.0,135.0,15.2
1014,Male,21,8,8,83,7,55,No,Medium,88.9,143.9,11.1125
1015,Male,17,8,4,81,0,89,No,Medium,104.9,193.9,13.1125
1016,Female,17,3,8,61,0,91,Yes,High,59.7,150.7,19.900000000000002
1017,Female,20,4,7,65,6,51,No,Medium,64.9,115.9,16.225
1018,Male,20,6,8,84,4,52,Yes,Low,80.0,132.0,13.333333333333334
1019,Female,20,3,5,80,4,84,Yes,High,67.6,151.6,22.53333333333333
1020,Male,19,2,8,75,0,81,Yes,High,65.9,146.9,32.95
1021,Male,21,6,6,90,8,78,Yes,Low,85.2,163.2,14.200000000000001
1022,Male,20,5,7,73,0,64,No,High,68.5,132.5,13.7
1023,Female,18,5,5,98,4,85,No,Medium,79.4,164.4,15.88
1024,Female,18,5,8,87,9,71,No,Medium,80.5,151.5,16.1
1025,Female,17,5,7,91,8,63,No,High,80.5,143.5,16.1
1026,Female,21,3,7,87,3,87,Yes,Low,80.9,167.9,26.96666666666667
1027,Female,20,7,5,68,7,86,Yes,Low,89.8,175.8,12.828571428571427
1028,Male,18,6,8,81,5,83,Yes,Medium,96.5,179.5,16.083333333333332
1029,Male,21,4,7,91,2,48,Yes,Low,64.5,112.5,16.125
1030,Male,17,2,7,64,3,79,No,High,59.8,138.8,29.9
1031,Male,19,9,4,82,1,89,Yes,High,111.2,200.2,12.355555555555556
1032,Female,21,1,7,64,0,62,No,Medium,50.0,112.0,50.0
1033,Male,21,4,4,91,7,89,Yes,Medium,77.9,166.9,19.475
1034,Female,19,1,8,69,0,52,Yes,Medium,54.5,106.5,54.5
1035,Male,21,6,8,98,0,71,Yes,Low,87.8,158.8,14.633333333333333
1036,Female,17,4,8,74,3,89,Yes,High,75.8,164.8,18.95
1037,Female,17,5,6,66,9,54,No,High,61.4,115.4,12.28
1038,Male,19,5,8,88,9,75,No,High,86.4,161.4,17.28
1039,Male,20,9,7,62,5,88,No,Medium,107.8,195.8,11.977777777777778
1040,Male,18,1,5,78,8,44,No,High,51.0,95.0,51.0
1041,Male,20,2,4,69,0,61,Yes,Low,50.1,111.1,25.05
1042,Female,21,6,6,87,6,55,Yes,Low,72.1,127.1,12.016666666666666
1043,Male,18,5,8,88,9,80,No,High,76.4,156.4,15.280000000000001
1044,Male,19,7,8,74,4,49,No,Medium,67.8,116.8,9.685714285714285
1045,Female,19,3,5,94,7,63,Yes,High,63.4,126.4,21.133333333333333
1046,Male,18,3,5,65,6,57,Yes,Low,55.3,112.3,18.433333333333334
1047,Male,17,2,6,71,3,88,No,Low,72.5,160.5,36.25
1048,Male,18,3,4,97,3,57,No,Low,69.9,126.9,23.3
1049,Male,21,1,8,72,5,46,No,High,41.0,87.0,41.0
1050,Male,17,5,6,88,5,43,Yes,Low,76.6,119.6,15.319999999999999
1051,Female,19,5,7,78,8,65,No,Medium,64.4,129.4,12.88
1052,Male,18,7,7,62,4,44,No,High,80.2,124.2,11.457142857142857
1053,Male,20,4,6,67,7,94,No,High,81.7,175.7,20.425
1054,Male,20,3,8,67,4,55,No,Low,64.1,119.1,21.366666666666664
1055,Male,21,1,6,79,1,74,No,Low,50.3,124.3,50.3
1056,Male,20,8,8,63,5,65,Yes,Medium,91.9,156.9,11.4875
1057,Female,18,3,5,80,8,57,No,High,52.8,109.8,17.599999999999998
1058,Male,18,2,6,62,2,68,Yes,Low,54.8,122.8,27.4
1059,Female,20,4,8,67,0,62,No,Medium,64.9,126.9,16.225
1060,Female,18,3,6,82,0,92,No,Low,68.4,160.4,22.8
1061,Male,21,1,6,75,2,53,No,High,44.7,97.7,44.7
1062,Male,17,3,8,72,9,54,Yes,Low,55.2,109.2,18.400000000000002
1063,Male,21,2,8,62,4,88,Yes,High,71.8,159.8,35.9
1064,Male,21,8,4,68,2,72,Yes,Low,96.2,168.2,12.025
1065,Female,18,6,6,73,8,64,No,High,79.5,143.5,13.25
1066,Male,17,9,7,72,7,60,No,Medium,92.6,152.6,10.288888888888888
1067,Male,18,8,6,66,2,56,Yes,High,90.2,146.2,11.275
1068,Male,19,3,6,74,8,62,Yes,Medium,63.0,125.0,21.0
1069,Male,18,5,8,66,5,82,No,High,83.6,165.6,16.72
1070,Male,18,7,6,97,6,56,Yes,Medium,87.5,143.5,12.5
1071,Male,18,5,6,93,3,53,No,Low,76.1,129.1,15.219999999999999
1072,Female,17,8,7,81,3,68,Yes,High,92.5,160.5,11.5625
1073,Female,18,5,8,83,1,59,Yes,Low,81.5,140.5,16.3
1074,Male,17,1,6,96,4,69,Yes,Medium,64.4,133.4,64.4
1075,Male,20,5,5,60,7,58,No,High,62.2,120.2,12.440000000000001
1076,Male,19,4,4,69,6,92,No,High,79.5,171.5,19.875
1077,Female,17,6,7,75,6,78,Yes,Low,78.7,156.7,13.116666666666667
1078,Male,20,3,6,67,5,52,No,High,63.9,115.9,21.3
1079,Female,17,5,5,84,2,57,No,High,81.0,138.0,16.2
1080,Male,17,2,6,71,4,62,No,Low,49.1,111.1,24.55
1081,Male,19,6,6,84,0,85,No,High,97.2,182.2,16.2
1082,Male,21,6,8,76,6,72,Yes,Low,79.6,151.6,13.266666666666666
1083,Male,21,5,8,85,8,78,No,Low,86.7,164.7,17.34
1084,Female,17,6,8,73,0,79,No,Low,76.5,155.5,12.75
1085,Female,18,7,5,95,1,57,Yes,Low,81.3,138.3,11.614285714285714
1086,Male,20,5,6,82,2,48,No,Low,65.8,113.8,13.16
1087,Male,18,1,4,65,2,72,No,Medium,58.3,130.3,58.3
1088,Female,18,8,7,64,7,71,No,Medium,81.6,152.6,10.2
1089,Female,17,4,8,84,6,93,Yes,Low,81.4,174.4,20.35
1090,Female,17,9,8,77,5,56,Yes,Medium,92.5,148.5,10.277777777777779
1091,Female,17,6,6,72,9,58,No,Medium,77.8,135.8,12.966666666666667
1092,Male,17,1,6,73,9,66,No,High,49.3,115.3,49.3
1093,Female,21,3,5,87,3,45,Yes,Low,68.1,113.1,22.7
1094,Male,17,3,5,77,8,74,Yes,Medium,62.7,136.7,20.900000000000002
1095,Female,21,4,8,87,0,76,Yes,High,72.5,148.5,18.125
1096,Female,21,6,6,86,1,73,No,High,79.0,152.0,13.166666666666666
1097,Female,17,7,4,91,3,59,No,Low,92.9,151.9,13.271428571428572
1098,Female,19,4,7,68,2,64,Yes,Low,67.0,131.0,16.75
1099,Female,20,6,6,99,0,43,No,High,71.9,114.9,11.983333333333334
1100,Male,18,1,6,91,4,49,No,Low,41.9,90.9,41.9
1101,Male,21,8,5,79,6,49,No,Low,76.3,125.3,9.5375
1102,Female,20,7,7,87,1,63,No,High,94.3,157.3,13.471428571428572
1103,Female,19,9,8,92,4,60,No,High,97.6,157.6,10.844444444444443
1104,Male,18,3,6,63,5,50,No,Low,57.9,107.9,19.3
1105,Female,18,2,8,93,6,66,No,Medium,56.3,122.3,28.15
1106,Female,21,1,6,62,0,55,Yes,Low,54.6,109.6,54.6
1107,Male,17,3,8,85,6,65,Yes,Medium,63.5,128.5,21.166666666666668
1108,Female,19,5,7,67,3,69,Yes,High,72.7,141.7,14.540000000000001
1109,Female,21,2,5,65,7,88,Yes,Medium,69.7,157.7,34.85
1110,Male,19,3,7,75,3,55,Yes,High,57.5,112.5,19.166666666666668
1111,Male,17,4,4,83,5,46,Yes,Low,55.3,101.3,13.825
1112,Male,17,7,5,98,8,55,Yes,Low,80.4,135.4,11.485714285714286
1113,Female,21,3,7,89,4,74,Yes,High,80.3,154.3,26.766666666666666
1114,Male,17,9,4,72,3,55,Yes,High,91.6,146.6,10.177777777777777
1115,Male,20,8,6,64,7,79,No,High,94.8,173.8,11.85
1116,Male,18,4,6,84,8,51,No,Low,60.6,111.6,15.15
1117,Male,21,1,8,79,3,74,Yes,Low,51.3,125.3,51.3
1118,Male,19,1,5,77,2,88,No,Medium,60.3,148.3,60.3
1119,Male,20,1,6,77,7,60,No,High,60.1,120.1,60.1
1120,Female,21,1,5,61,4,89,Yes,Medium,52.9,141.9,52.9
1121,Female,17,8,6,69,1,82,Yes,Low,95.5,177.5,11.9375
1122,Male,17,3,8,71,9,75,Yes,Medium,71.3,146.3,23.766666666666666
1123,Male,17,6,7,72,8,87,No,Medium,76.4,163.4,12.733333333333334
1124,Male,17,3,8,70,2,56,No,Low,60.4,116.4,20.133333333333333
1125,Female,19,5,4,78,1,71,Yes,Low,76.8,147.8,15.36
1126,Female,20,7,6,94,0,80,No,High,92.2,172.2,13.171428571428573
1127,Female,18,2,4,98,7,45,No,Medium,54.4,99.4,27.2
1128,Female,19,6,4,85,2,63,No,Low,83.7,146.7,13.950000000000001
1129,Female,19,6,5,73,6,66,Yes,Low,80.3,146.3,13.383333333333333
1130,Female,18,3,6,83,0,59,No,Medium,55.5,114.5,18.5
1131,Female,18,6,4,60,0,64,No,Low,66.6,130.6,11.1
1132,Female,17,5,7,81,8,41,No,High,74.7,115.7,14.940000000000001
1133,Female,19,2,4,82,7,48,No,High,57.8,105.8,28.9
1134,Male,21,9,7,78,2,67,No,Medium,99.2,166.2,11.022222222222222
1135,Male,18,8,5,77,5,92,No,High,101.9,193.9,12.7375
1136,Male,18,3,4,71,2,77,No,Low,65.1,142.1,21.7
1137,Male,20,8,8,87,3,42,Yes,Low,81.9,123.9,10.2375
1138,Female,21,9,5,87,0,59,Yes,Low,95.7,154.7,10.633333333333333
1139,Female,21,3,7,92,4,45,No,Low,63.6,108.6,21.2
1140,Male,18,3,5,78,0,78,Yes,Medium,59.6,137.6,19.866666666666667
1141,Female,17,2,4,87,0,72,No,High,67.9,139.9,33.95
1142,Male,20,8,6,96,9,94,No,High,109.4,203.4,13.675
1143,Female,21,1,6,85,6,40,No,Low,43.5,83.5,43.5
1144,Male,18,8,7,94,5,76,Yes,Medium,103.6,179.6,12.95
1145,Female,21,7,7,93,1,45,No,Low,83.9,128.9,11.985714285714286
1146,Female,20,7,6,94,1,84,No,Low,86.8,170.8,12.4
1147,Male,20,3,7,99,6,73,Yes,Medium,78.9,151.9,26.3
1148,Female,19,1,5,75,0,86,Yes,Medium,68.9,154.9,68.9
1149,Male,18,4,8,97,1,54,No,Low,66.7,120.7,16.675
1150,Male,20,9,8,72,7,84,Yes,High,104.2,188.2,11.577777777777778
1151,Male,19,5,5,82,5,65,Yes,Low,81.6,146.6,16.32
1152,Male,19,1,8,81,1,53,No,High,58.5,111.5,58.5
1153,Female,21,5,4,75,6,93,No,High,86.7,179.7,17.34
1154,Female,21,8,5,87,3,46,No,Medium,82.5,128.5,10.3125
1155,Female,19,8,7,94,1,85,Yes,Medium,106.2,191.2,13.275
1156,Male,21,5,5,67,5,70,Yes,Low,65.1,135.1,13.02
1157,Female,20,9,6,81,8,63,Yes,High,84.5,147.5,9.38888888888889
1158,Male,17,1,7,80,8,70,No,High,62.0,132.0,62.0
1159,Female,20,4,6,85,7,68,Yes,Low,69.7,137.7,17.425
1160,Female,19,3,7,99,2,81,Yes,Low,79.1,160.1,26.366666666666664
1161,Female,19,2,8,80,2,71,No,Low,59.4,130.4,29.7
1162,Male,20,8,5,84,1,56,No,Medium,93.6,149.6,11.7
1163,Female,21,7,4,60,4,53,No,Low,77.2,130.2,11.028571428571428
1164,Female,21,9,7,65,3,79,Yes,Low,92.1,171.1,10.233333333333333
1165,Male,19,2,7,82,6,75,No,High,68.6,143.6,34.3
1166,Female,18,4,6,82,3,87,Yes,Low,84.4,171.4,21.1
1167,Male,21,6,8,82,8,63,Yes,High,87.8,150.8,14.633333333333333
1168,Female,20,3,6,91,1,84,No,High,70.9,154.9,23.633333333333336
1169,Male,21,8,6,89,5,93,No,Medium,93.9,186.9,11.7375
1170,Male,20,3,8,72,6,66,No,Low,64.0,130.0,21.333333333333332
1171,Female,19,2,4,77,3,64,No,Low,65.7,129.7,32.85
1172,Male,21,3,6,82,5,71,No,High,73.0,144.0,24.333333333333332
1173,Male,20,6,6,74,6,91,Yes,Medium,89.6,180.6,14.933333333333332
1174,Male,19,2,7,92,3,57,Yes,Medium,69.4,126.4,34.7
1175,Male,18,8,8,80,7,85,Yes,Low,100.0,185.0,12.5
1176,Male,20,1,5,98,8,57,No,High,54.2,111.2,54.2
1177,Male,18,7,4,82,0,76,Yes,Low,80.0,156.0,11.428571428571429
1178,Female,18,2,4,86,6,65,No,Low,57.8,122.8,28.9
1179,Male,17,6,8,77,8,48,No,Low,76.3,124.3,12.716666666666667
1180,Male,21,2,7,83,9,74,Yes,Low,66.5,140.5,33.25
1181,Female,20,2,7,99,4,47,Yes,High,60.5,107.5,30.25
1182,Female,18,8,8,66,1,59,No,Medium,81.4,140.4,10.175
1183,Female,17,2,7,79,9,93,Yes,Low,74.9,167.9,37.45
1184,Female,19,7,4,86,5,81,No,Low,86.2,167.2,12.314285714285715
1185,Female,20,3,4,65,6,61,Yes,Low,60.9,121.9,20.3
1186,Female,18,8,5,86,1,58,Yes,Low,90.0,148.0,11.25
1187,Female,21,7,8,68,1,69,Yes,Medium,77.0,146.0,11.0
1188,Male,17,8,6,90,9,92,Yes,Medium,99.8,191.8,12.475
1189,Male,18,7,6,80,9,67,Yes,Medium,82.8,149.8,11.828571428571427
1190,Female,21,6,5,85,0,74,No,Medium,79.1,153.1,13.183333333333332
1191,Male,18,7,5,99,3,82,Yes,Low,95.5,177.5,13.642857142857142
1192,Male,20,5,7,72,6,50,Yes,High,69.6,119.6,13.919999999999998
1193,Male,20,7,5,82,8,70,Yes,Medium,88.6,158.6,12.657142857142857
1194,Female,20,1,5,79,2,88,No,Medium,56.9,144.9,56.9
1195,Female,17,1,6,96,6,87,No,Low,77.6,164.6,77.6
1196,Male,20,9,7,87,6,78,No,Low,99.3,177.3,11.033333333333333
1197,Female,21,5,5,76,6,75,No,Low,83.8,158.8,16.759999999999998
1198,Male,18,5,5,87,1,69,No,Low,75.7,144.7,15.14
1199,Male,19,3,7,61,5,62,Yes,High,48.1,110.1,16.033333333333335
1200,Male,21,5,8,84,1,58,Yes,High,82.4,140.4,16.48
